,x,filing_date,trade_date,ticker,insider_name,title,trade_type,price,quantity_of_shares,owned,delta_owned,value,1d,1w,1m,6m
0,D,2004-04-21 19:07:40,2004-04-19,AAPL,Heinen Nancy R,SVP,S - Sale+OE,28.0,200000,1315,-99%,5600000,0.0,-3.0,-5.0,71.0
1,D,2004-04-21 19:08:35,2004-04-19,AAPL,Tamaddon Sina,SVP,S - Sale+OE,28.08,678400,6452,-99%,19046284,0.0,-3.0,-5.0,71.0
2,DM,2004-04-21 19:09:19,2004-04-19,AAPL,Rubinstein Jonathan,SVP,S - Sale+OE,28.35,250000,9906,-96%,7087500,0.0,-3.0,-5.0,71.0
3,D,2004-04-21 19:11:31,2004-04-19,AAPL,Cook Timothy D,EVP,S - Sale+OE,27.99,84000,4722,-95%,2351280,0.0,-3.0,-5.0,71.0
4,D,2004-04-21 19:12:19,2004-04-19,AAPL,Cook Timothy D,EVP,S - Sale+OE,28.21,94000,4722,-95%,2651880,0.0,-3.0,-5.0,71.0
5,D,2004-04-21 19:13:20,2004-04-19,AAPL,Cook Timothy D,EVP,S - Sale+OE,28.35,98000,4722,-95%,2778420,0.0,-3.0,-5.0,71.0
6,DM,2004-04-21 19:14:05,2004-04-19,AAPL,Cook Timothy D,EVP,S - Sale+OE,28.04,56000,4722,-92%,1569960,0.0,-3.0,-5.0,71.0
7,D,2004-04-21 19:15:19,2004-04-20,AAPL,Cook Timothy D,EVP,S - Sale+OE,27.99,70000,4722,-94%,1959600,0.0,-3.0,-5.0,71.0
8,D,2004-04-21 19:16:16,2004-04-20,AAPL,Cook Timothy D,EVP,S - Sale+OE,28.19,154000,4722,-97%,4340760,0.0,-3.0,-5.0,71.0
9,D,2004-04-21 19:17:13,2004-04-20,AAPL,Cook Timothy D,EVP,S - Sale+OE,28.32,44000,4722,-90%,1246180,0.0,-3.0,-5.0,71.0
10,D,2004-04-21 19:18:31,2004-04-19,AAPL,Anderson Fred D,EVP,S - Sale+OE,28.0,54500,2672,-95%,1526068,0.0,-3.0,-5.0,71.0
11,D,2004-04-21 19:20:05,2004-04-19,AAPL,Anderson Fred D,EVP,S - Sale+OE,28.24,70000,2672,-96%,1976480,0.0,-3.0,-5.0,71.0
12,D,2004-04-21 19:24:19,2004-04-19,AAPL,Anderson Fred D,EVP,S - Sale+OE,28.38,71300,2672,-96%,2023715,0.0,-3.0,-5.0,71.0
13,DM,2004-04-21 19:24:57,2004-04-19,AAPL,Anderson Fred D,EVP,S - Sale+OE,27.9,44200,2672,-94%,1233165,0.0,-3.0,-5.0,71.0
14,D,2004-04-21 19:27:18,2004-04-20,AAPL,Anderson Fred D,EVP,S - Sale+OE,28.13,96000,2672,-97%,2700220,0.0,-3.0,-5.0,71.0
15,D,2004-04-21 19:27:56,2004-04-20,AAPL,Anderson Fred D,EVP,S - Sale+OE,28.27,64000,2672,-96%,1809460,0.0,-3.0,-5.0,71.0
16,D,2004-04-22 17:59:29,2004-04-20,AAPL,Schiller Philip W,SVP,S - Sale+OE,28.1,250000,128,-100%,7024300,0.0,-5.0,-4.0,71.0
17,DM,2004-04-23 19:19:00,2004-04-21,AAPL,Rubinstein Jonathan,SVP,S - Sale+OE,27.88,275000,9906,-97%,7667300,-2.0,-3.0,-2.0,73.0
18,D,2004-04-23 19:20:02,2004-04-21,AAPL,Cook Timothy D,EVP,S - Sale+OE,27.63,87800,4722,-95%,2426072,-2.0,-3.0,-2.0,73.0
19,D,2004-04-23 19:20:31,2004-04-21,AAPL,Cook Timothy D,EVP,S - Sale+OE,27.79,62200,4722,-93%,1728412,-2.0,-3.0,-2.0,73.0
20,D,2004-04-23 19:21:26,2004-04-21,AAPL,Cook Timothy D,EVP,S - Sale+OE,27.69,62300,4722,-93%,1725281,-2.0,-3.0,-2.0,73.0
21,D,2004-04-23 19:21:58,2004-04-21,AAPL,Cook Timothy D,EVP,S - Sale+OE,27.85,87700,4722,-95%,2442337,-2.0,-3.0,-2.0,73.0
22,D,2004-04-23 19:22:52,2004-04-22,AAPL,Cook Timothy D,EVP,S - Sale+OE,27.59,62000,4722,-93%,1710620,-2.0,-3.0,-2.0,73.0
23,D,2004-04-23 19:23:22,2004-04-22,AAPL,Cook Timothy D,EVP,S - Sale+OE,27.84,158000,4722,-97%,4399440,-2.0,-3.0,-2.0,73.0
24,D,2004-04-23 19:23:59,2004-04-22,AAPL,Cook Timothy D,EVP,S - Sale+OE,28.01,80000,4722,-94%,2240440,-2.0,-3.0,-2.0,73.0
25,D,2004-04-23 19:26:22,2004-04-21,AAPL,Anderson Fred D,EVP,S - Sale+OE,27.52,46000,2672,-95%,1266100,-2.0,-3.0,-2.0,73.0
26,D,2004-04-23 19:27:07,2004-04-21,AAPL,Anderson Fred D,EVP,S - Sale+OE,27.7,76600,2672,-97%,2122041,-2.0,-3.0,-2.0,73.0
27,D,2004-04-23 19:27:40,2004-04-21,AAPL,Anderson Fred D,EVP,S - Sale+OE,27.85,77400,2672,-97%,2155586,-2.0,-3.0,-2.0,73.0
28,D,2004-04-23 19:28:28,2004-04-22,AAPL,Anderson Fred D,EVP,S - Sale+OE,27.32,52000,2672,-95%,1420860,-2.0,-3.0,-2.0,73.0
29,D,2004-04-23 19:29:06,2004-04-22,AAPL,Anderson Fred D,EVP,S - Sale+OE,27.68,34000,2672,-93%,941280,-2.0,-3.0,-2.0,73.0
30,D,2004-04-23 19:29:59,2004-04-22,AAPL,Anderson Fred D,EVP,S - Sale+OE,27.93,48000,2672,-95%,1340620,-2.0,-3.0,-2.0,73.0
31,D,2004-04-23 19:30:29,2004-04-22,AAPL,Anderson Fred D,EVP,S - Sale+OE,27.91,48000,2672,-95%,1339520,-2.0,-3.0,-2.0,73.0
32,D,2004-04-23 19:31:06,2004-04-22,AAPL,Anderson Fred D,EVP,S - Sale+OE,27.87,18000,2672,-87%,501660,-2.0,-3.0,-2.0,73.0
33,D,2004-04-27 19:12:48,2004-04-23,AAPL,Anderson Fred D,EVP,S - Sale+OE,27.25,38000,2672,-93%,1035560,-2.0,-3.0,5.0,76.0
34,D,2004-04-27 19:13:34,2004-04-23,AAPL,Anderson Fred D,EVP,S - Sale+OE,27.45,62000,2672,-96%,1702100,-2.0,-3.0,5.0,76.0
35,D,2004-04-27 19:14:15,2004-04-23,AAPL,Anderson Fred D,EVP,S - Sale+OE,27.61,54000,2672,-95%,1490860,-2.0,-3.0,5.0,76.0
36,D,2004-04-27 19:14:51,2004-04-23,AAPL,Anderson Fred D,EVP,S - Sale+OE,27.83,46000,2672,-95%,1280260,-2.0,-3.0,5.0,76.0
37,D,2004-04-27 19:15:29,2004-04-23,AAPL,Cook Timothy D,EVP,S - Sale+OE,27.57,78000,4722,-94%,2150840,-2.0,-3.0,5.0,76.0
38,D,2004-04-27 19:16:08,2004-04-23,AAPL,Cook Timothy D,EVP,S - Sale+OE,27.71,72000,4722,-94%,1995303,-2.0,-3.0,5.0,76.0
39,D,2004-05-03 19:21:50,2004-04-29,AAPL,Rubinstein Jonathan,SVP,S - Sale+OE,26.73,175000,9906,-95%,4677100,0.0,2.0,8.0,102.0
40,D,2004-05-27 19:53:17,2004-05-25,AAPL,Anderson Fred D,EVP,S - Sale+OE,28.42,78000,2672,-97%,2216561,0.0,1.0,15.0,126.0
41,D,2004-05-27 19:54:11,2004-05-25,AAPL,Anderson Fred D,EVP,S - Sale+OE,28.09,122000,2672,-98%,3427200,0.0,1.0,15.0,126.0
42,D,2004-06-04 18:31:36,2004-06-02,AAPL,Anderson Fred D,EVP,S - Sale+OE,29.04,94400,2672,-97%,2741365,4.0,7.0,8.0,128.0
43,D,2004-06-08 18:31:48,2004-06-04,AAPL,Anderson Fred D,EVP,S - Sale+OE,29.05,257000,2672,-99%,7465360,0.0,1.0,-1.0,119.0
44,DM,2004-06-08 18:32:37,2004-06-04,AAPL,Anderson Fred D,EVP,S - Sale+OE,29.16,44000,2672,-94%,1282860,0.0,1.0,-1.0,119.0
45,D,2004-06-08 18:33:22,2004-06-07,AAPL,Anderson Fred D,EVP,S - Sale+OE,29.43,44000,2672,-94%,1295120,0.0,1.0,-1.0,119.0
46,D,2004-06-08 18:34:00,2004-06-07,AAPL,Anderson Fred D,EVP,S - Sale+OE,29.75,45100,2672,-94%,1341502,0.0,1.0,-1.0,119.0
47,D,2004-06-08 18:34:45,2004-06-07,AAPL,Anderson Fred D,EVP,S - Sale+OE,29.9,15500,2672,-85%,463489,0.0,1.0,-1.0,119.0
48,D,2004-07-21 18:18:43,2004-07-19,AAPL,Rubinstein Jonathan,SVP,S - Sale+OE,31.89,300000,9906,-97%,9567300,0.0,2.0,0.0,121.0
49,DM,2004-07-21 18:20:44,2004-07-19,AAPL,Tevanian Avadis,SVP,S - Sale+OE,32.07,350000,1252,-100%,11223640,0.0,2.0,0.0,121.0
50,DM,2004-08-30 19:51:41,2004-08-26,AAPL,Serlet Bertrand,SVP,S - Sale+OE,34.08,20000,3708,-84%,681618,1.0,3.0,11.0,162.0
51,DM,2004-09-01 18:54:11,2004-08-30,AAPL,Serlet Bertrand,SVP,S - Sale+OE,34.11,29900,3708,-89%,1019940,-1.0,1.0,8.0,152.0
52,D,2004-09-01 18:54:53,2004-09-01,AAPL,Serlet Bertrand,SVP,S - Sale+OE,34.32,100,3708,-3%,3432,-1.0,1.0,8.0,152.0
53,D,2004-09-03 18:15:59,2004-09-02,AAPL,Rubinstein Jonathan,SVP,S - Sale+OE,35.42,500000,11087,-98%,17709000,1.0,2.0,10.0,141.0
54,D,2004-10-05 18:39:49,2004-10-01,AAPL,Rubinstein Jonathan,SVP,S - Sale+OE,38.81,500000,11087,-98%,19403495,3.0,-2.0,36.0,114.0
55,DM,2004-10-08 18:26:36,2004-10-06,AAPL,Serlet Bertrand,SVP,S - Sale+OE,40.7,20000,3708,-84%,813900,-1.0,15.0,40.0,122.0
56,AD,2004-10-12 17:40:48,2004-10-01,AAPL,Rubinstein Jonathan,SVP,S - Sale+OE,38.81,500000,11087,-98%,19403495,4.0,25.0,41.0,122.0
57,DM,2004-10-18 19:13:35,2004-10-14,AAPL,Serlet Bertrand,SVP,S - Sale+OE,43.74,17948,3708,-83%,785013,-1.0,-1.0,16.0,52.0
58,D,2004-10-18 19:23:56,2004-10-15,AAPL,Serlet Bertrand,SVP,S - Sale+OE,44.8,2052,3708,-36%,91930,-1.0,-1.0,16.0,52.0
59,D,2004-10-20 18:42:17,2004-10-18,AAPL,Heinen Nancy R,SVP,S - Sale+OE,44.72,350000,1315,-100%,15652524,1.0,1.0,16.0,50.0
60,D,2004-10-20 18:44:26,2004-10-18,AAPL,Schiller Philip W,SVP,S - Sale+OE,45.32,56300,128,-100%,2551725,1.0,1.0,16.0,50.0
61,D,2004-10-20 18:47:01,2004-10-18,AAPL,Schiller Philip W,SVP,S - Sale+OE,45.23,103864,128,-100%,4697735,1.0,1.0,16.0,50.0
62,D,2004-10-20 18:47:39,2004-10-18,AAPL,Serlet Bertrand,SVP,S - Sale+OE,44.86,10000,3708,-73%,448557,1.0,1.0,16.0,50.0
63,D,2004-10-20 18:48:14,2004-10-18,AAPL,Tevanian Avadis,SVP,S - Sale+OE,47.04,200000,1252,-99%,9408950,1.0,1.0,16.0,50.0
64,D,2004-10-21 18:28:03,2004-10-19,AAPL,York Jerome B,Dir,S - Sale+OE,47.63,60000,20000,-75%,2857664,-1.0,5.0,16.0,56.0
65,D,2004-10-21 18:28:53,2004-10-19,AAPL,York Jerome B,Dir,S - Sale+OE,47.49,30000,20000,-60%,1424765,-1.0,5.0,16.0,56.0
66,D,2004-11-01 18:33:13,2004-10-28,AAPL,Johnson Ronald B,SVP,S - Sale+OE,50.59,300000,5903,-98%,15176250,2.0,4.0,28.0,39.0
67,D,2004-11-04 19:00:13,2004-11-02,AAPL,Tevanian Avadis,SVP,S - Sale+OE,53.0,100000,1252,-99%,5300000,1.0,1.0,15.0,34.0
68,,2004-11-05 18:41:22,2004-11-03,AAPL,Levinson Arthur D,Dir,S - Sale,55.23,40000,161600,-20%,2209200,-1.0,1.0,20.0,36.0
69,D,2004-11-08 19:09:49,2004-11-04,AAPL,Schiller Philip W,SVP,S - Sale+OE,55.0,131250,128,-100%,7218750,-1.0,2.0,16.0,36.0
70,D,2005-01-05 18:02:32,2005-01-03,AAPL,Rubinstein Jonathan,SVP,S - Sale+OE,64.12,150000,11087,-93%,9617670,0.0,0.0,21.0,16.0
71,DM,2005-01-11 16:33:19,2005-01-07,AAPL,Serlet Bertrand,SVP,S - Sale+OE,68.76,20000,2708,-88%,1375200,1.0,9.0,21.0,17.0
72,D,2005-01-13 17:29:03,2005-01-11,AAPL,Serlet Bertrand,SVP,S - Sale+OE,68.25,10000,2708,-79%,682500,0.0,0.0,17.0,17.0
73,DM,2005-01-18 17:12:58,2005-01-13,AAPL,Serlet Bertrand,SVP,S - Sale+OE,72.06,20000,2708,-88%,1441200,-1.0,0.0,25.0,18.0
74,D,2005-01-20 17:09:15,2005-01-18,AAPL,Tamaddon Sina,SVP,S - Sale+OE,60.92,100000,7612,-93%,6092349,0.0,3.0,25.0,24.0
75,D,2005-01-20 17:10:10,2005-01-18,AAPL,Rubinstein Jonathan,SVP,S - Sale+OE,69.79,250000,11087,-96%,17447900,0.0,3.0,25.0,24.0
76,D,2005-01-20 17:11:56,2005-01-18,AAPL,Heinen Nancy R,SVP,S - Sale+OE,69.39,150000,1315,-99%,10408695,0.0,3.0,25.0,24.0
77,D,2005-01-20 17:13:01,2005-01-18,AAPL,Heinen Nancy R,SVP,S - Sale+OE,69.72,75384,1315,-98%,5255456,0.0,3.0,25.0,24.0
78,D,2005-01-20 17:13:47,2005-01-18,AAPL,Heinen Nancy R,SVP,S - Sale+OE,69.93,87179,1315,-99%,6096197,0.0,3.0,25.0,24.0
79,D,2005-01-20 17:14:30,2005-01-18,AAPL,Heinen Nancy R,SVP,S - Sale+OE,70.1,60640,1315,-98%,4250954,0.0,3.0,25.0,24.0
80,D,2005-01-20 17:15:12,2005-01-18,AAPL,Heinen Nancy R,SVP,S - Sale+OE,70.3,26797,1315,-95%,1883928,0.0,3.0,25.0,24.0
81,D,2005-01-20 17:17:37,2005-01-18,AAPL,Cook Timothy D,EVP,S - Sale+OE,69.58,34000,5903,-85%,2365625,0.0,3.0,25.0,24.0
82,D,2005-01-20 17:18:22,2005-01-18,AAPL,Cook Timothy D,EVP,S - Sale+OE,69.87,32000,5903,-84%,2235906,0.0,3.0,25.0,24.0
83,D,2005-01-20 17:19:04,2005-01-18,AAPL,Cook Timothy D,EVP,S - Sale+OE,70.02,32000,5903,-84%,2240674,0.0,3.0,25.0,24.0
84,D,2005-01-20 17:19:47,2005-01-18,AAPL,Cook Timothy D,EVP,S - Sale+OE,70.13,32000,5903,-84%,2244247,0.0,3.0,25.0,24.0
85,D,2005-01-20 17:20:34,2005-01-18,AAPL,Cook Timothy D,EVP,S - Sale+OE,70.25,30000,5903,-84%,2107619,0.0,3.0,25.0,24.0
86,D,2005-01-20 17:21:29,2005-01-18,AAPL,Cook Timothy D,EVP,S - Sale+OE,70.33,38000,5903,-87%,2672700,0.0,3.0,25.0,24.0
87,D,2005-01-20 17:22:18,2005-01-18,AAPL,Cook Timothy D,EVP,S - Sale+OE,70.48,41800,5903,-88%,2946046,0.0,3.0,25.0,24.0
88,D,2005-01-20 17:22:50,2005-01-18,AAPL,Cook Timothy D,EVP,S - Sale+OE,70.59,10200,5903,-63%,719984,0.0,3.0,25.0,24.0
89,D,2005-01-27 19:47:30,2005-01-25,AAPL,Tevanian Avadis,SVP,S - Sale+OE,71.22,300000,1252,-100%,21365660,2.0,10.0,23.0,21.0
90,D,2005-01-27 19:47:49,2005-01-25,AAPL,Tamaddon Sina,SVP,S - Sale+OE,72.27,250000,7612,-97%,18067500,2.0,10.0,23.0,21.0
91,,2005-01-31 17:07:40,2005-01-27,AAPL,Rubinstein Jonathan,SVP,S - Sale,72.36,9517,1570,-86%,688680,1.0,3.0,16.0,11.0
92,D,2005-02-08 17:14:44,2005-02-04,AAPL,Schiller Philip W,SVP,S - Sale+OE,78.24,49612,128,-100%,3881773,-3.0,5.0,-3.0,6.0
93,D,2005-02-08 17:15:38,2005-02-04,AAPL,Schiller Philip W,SVP,S - Sale+OE,78.38,25388,128,-99%,1989869,-3.0,5.0,-3.0,6.0
94,,2005-02-18 16:53:03,2005-02-16,AAPL,Levinson Arthur D,Dir,S - Sale,88.22,30000,131600,-19%,2646684,-2.0,2.0,1.0,7.0
95,DM,2005-04-12 17:06:52,2005-04-08,AAPL,Serlet Bertrand,SVP,S - Sale+OE,44.0,40000,5416,-88%,1759800,-4.0,-17.0,-15.0,21.0
96,D,2005-07-13 17:38:01,2005-07-11,AAPL,Serlet Bertrand,SVP,S - Sale+OE,38.65,1300,4416,-23%,50245,6.0,13.0,13.0,111.0
97,DM,2005-07-18 18:22:00,2005-07-14,AAPL,Serlet Bertrand,SVP,S - Sale+OE,40.84,40000,4416,-90%,1633400,4.0,6.0,15.0,106.0
98,DM,2005-07-20 17:37:13,2005-07-18,AAPL,Serlet Bertrand,SVP,S - Sale+OE,41.58,40000,4416,-90%,1663000,-1.0,0.0,8.0,90.0
99,D,2005-07-22 17:55:54,2005-07-20,AAPL,Serlet Bertrand,SVP,S - Sale+OE,42.87,18700,4416,-81%,801669,0.0,0.0,4.0,74.0
100,D,2005-08-22 19:22:18,2005-08-18,AAPL,Tevanian Avadis,SVP,S - Sale+OE,46.09,220000,2504,-99%,10140200,0.0,0.0,16.0,51.0
101,D,2005-08-22 19:22:37,2005-08-18,AAPL,Tevanian Avadis,SVP,S - Sale+OE,46.36,80000,2504,-97%,3708700,0.0,0.0,16.0,51.0
102,D,2005-08-23 18:10:50,2005-08-19,AAPL,Johnson Ronald B,SVP,S - Sale+OE,46.5,450000,12597,-97%,20925000,0.0,0.0,14.0,56.0
103,D,2005-08-26 17:36:50,2005-08-24,AAPL,Johnson Ronald B,SVP,S - Sale+OE,47.0,300000,12597,-96%,14100000,0.0,1.0,18.0,55.0
104,D,2005-08-30 17:21:58,2005-08-26,AAPL,Heinen Nancy R,SVP,S - Sale+OE,46.19,125000,2630,-98%,5773766,1.0,5.0,10.0,49.0
105,D,2005-09-06 16:48:22,2005-09-01,AAPL,Tevanian Avadis,SVP,S - Sale+OE,46.78,300000,2504,-99%,14033000,0.0,6.0,11.0,38.0
106,D,2005-10-05 17:33:48,2005-10-03,AAPL,Tevanian Avadis,SVP,S - Sale+OE,54.09,300000,2504,-99%,16226445,-2.0,-2.0,13.0,27.0
107,D,2005-10-19 20:31:01,2005-10-17,AAPL,Oppenheimer Peter,SVP,S - Sale+OE,52.89,16100,14143,-53%,851537,2.0,2.0,19.0,24.0
108,D,2005-10-19 20:31:17,2005-10-17,AAPL,Oppenheimer Peter,SVP,S - Sale+OE,53.04,29024,14143,-67%,1539475,2.0,2.0,19.0,24.0
109,D,2005-10-19 20:31:52,2005-10-17,AAPL,Oppenheimer Peter,SVP,S - Sale+OE,53.18,26257,14143,-65%,1396353,2.0,2.0,19.0,24.0
110,D,2005-10-19 20:32:43,2005-10-17,AAPL,Oppenheimer Peter,SVP,S - Sale+OE,53.77,32800,14143,-70%,1763534,2.0,2.0,19.0,24.0
111,D,2005-10-19 20:33:05,2005-10-17,AAPL,Oppenheimer Peter,SVP,S - Sale+OE,53.41,26990,14143,-66%,1441642,2.0,2.0,19.0,24.0
112,D,2005-10-19 20:33:28,2005-10-17,AAPL,Oppenheimer Peter,SVP,S - Sale+OE,53.61,28000,14143,-66%,1500992,2.0,2.0,19.0,24.0
113,D,2005-10-19 20:34:00,2005-10-17,AAPL,Oppenheimer Peter,SVP,S - Sale+OE,53.28,29429,14143,-68%,1567934,2.0,2.0,19.0,24.0
114,DM,2005-10-19 20:34:21,2005-10-17,AAPL,Oppenheimer Peter,SVP,S - Sale+OE,53.14,23200,14143,-62%,1232822,2.0,2.0,19.0,24.0
115,D,2005-10-19 20:34:47,2005-10-18,AAPL,Oppenheimer Peter,SVP,S - Sale+OE,52.54,21100,14143,-60%,1108533,2.0,2.0,19.0,24.0
116,D,2005-10-19 20:35:04,2005-10-18,AAPL,Oppenheimer Peter,SVP,S - Sale+OE,52.66,37500,14143,-73%,1974677,2.0,2.0,19.0,24.0
117,D,2005-10-19 20:35:30,2005-10-18,AAPL,Oppenheimer Peter,SVP,S - Sale+OE,52.83,22200,14143,-61%,1172749,2.0,2.0,19.0,24.0
118,D,2005-10-19 20:35:46,2005-10-18,AAPL,Oppenheimer Peter,SVP,S - Sale+OE,53.04,25800,14143,-65%,1368321,2.0,2.0,19.0,24.0
119,D,2005-10-19 20:36:06,2005-10-18,AAPL,Oppenheimer Peter,SVP,S - Sale+OE,53.19,19800,14143,-58%,1053222,2.0,2.0,19.0,24.0
120,D,2005-10-19 20:36:44,2005-10-18,AAPL,Oppenheimer Peter,SVP,S - Sale+OE,53.4,26650,14143,-65%,1423086,2.0,2.0,19.0,24.0
121,D,2005-10-19 20:37:16,2005-10-18,AAPL,Oppenheimer Peter,SVP,S - Sale+OE,53.59,23250,14143,-62%,1246037,2.0,2.0,19.0,24.0
122,D,2005-10-19 20:38:04,2005-10-18,AAPL,Oppenheimer Peter,SVP,S - Sale+OE,53.78,11900,14143,-46%,639936,2.0,2.0,19.0,24.0
123,D,2005-10-21 08:24:15,2005-10-19,AAPL,Oppenheimer Peter,SVP,S - Sale+OE,51.44,28300,14143,-67%,1455789,-1.0,-1.0,15.0,17.0
124,D,2005-10-21 08:24:31,2005-10-19,AAPL,Oppenheimer Peter,SVP,S - Sale+OE,51.61,29600,14143,-68%,1527789,-1.0,-1.0,15.0,17.0
125,D,2005-10-21 08:24:51,2005-10-19,AAPL,Oppenheimer Peter,SVP,S - Sale+OE,51.82,34600,14143,-71%,1793035,-1.0,-1.0,15.0,17.0
126,D,2005-10-21 08:25:19,2005-10-19,AAPL,Oppenheimer Peter,SVP,S - Sale+OE,51.98,30200,14143,-68%,1569886,-1.0,-1.0,15.0,17.0
127,D,2005-10-21 08:26:13,2005-10-19,AAPL,Oppenheimer Peter,SVP,S - Sale+OE,53.04,20500,14143,-59%,1087355,-1.0,-1.0,15.0,17.0
128,D,2005-10-21 08:26:39,2005-10-19,AAPL,Oppenheimer Peter,SVP,S - Sale+OE,53.73,21200,14143,-60%,1139106,-1.0,-1.0,15.0,17.0
129,D,2005-10-21 08:27:06,2005-10-19,AAPL,Oppenheimer Peter,SVP,S - Sale+OE,54.25,21700,14143,-61%,1177179,-1.0,-1.0,15.0,17.0
130,DM,2005-10-21 08:27:22,2005-10-19,AAPL,Oppenheimer Peter,SVP,S - Sale+OE,54.67,22900,14143,-62%,1251836,-1.0,-1.0,15.0,17.0
131,D,2005-10-21 08:27:44,2005-10-20,AAPL,Oppenheimer Peter,SVP,S - Sale+OE,55.14,18300,14143,-56%,1009037,-1.0,-1.0,15.0,17.0
132,D,2005-10-21 08:28:11,2005-10-20,AAPL,Oppenheimer Peter,SVP,S - Sale+OE,55.38,14100,14143,-50%,780832,-1.0,-1.0,15.0,17.0
133,D,2005-10-21 08:28:27,2005-10-20,AAPL,Oppenheimer Peter,SVP,S - Sale+OE,55.56,13600,14143,-49%,755644,-1.0,-1.0,15.0,17.0
134,D,2005-10-21 08:28:50,2005-10-20,AAPL,Oppenheimer Peter,SVP,S - Sale+OE,55.71,19300,14143,-58%,1075161,-1.0,-1.0,15.0,17.0
135,D,2005-10-21 08:29:16,2005-10-20,AAPL,Oppenheimer Peter,SVP,S - Sale+OE,55.85,13000,14143,-48%,726044,-1.0,-1.0,15.0,17.0
136,D,2005-10-21 08:29:32,2005-10-20,AAPL,Oppenheimer Peter,SVP,S - Sale+OE,55.99,22600,14143,-62%,1265383,-1.0,-1.0,15.0,17.0
137,D,2005-10-21 08:29:51,2005-10-20,AAPL,Oppenheimer Peter,SVP,S - Sale+OE,56.1,20900,14143,-60%,1172391,-1.0,-1.0,15.0,17.0
138,D,2005-10-21 08:30:14,2005-10-20,AAPL,Oppenheimer Peter,SVP,S - Sale+OE,56.2,13800,14143,-49%,775536,-1.0,-1.0,15.0,17.0
139,D,2005-10-21 08:30:27,2005-10-20,AAPL,Oppenheimer Peter,SVP,S - Sale+OE,56.33,5400,14143,-28%,304168,-1.0,-1.0,15.0,17.0
140,D,2005-10-21 19:24:39,2005-10-20,AAPL,Serlet Bertrand,SVP,S - Sale+OE,56.29,20000,5161,-79%,1125800,2.0,0.0,16.0,18.0
141,D,2005-10-21 19:24:56,2005-10-21,AAPL,Serlet Bertrand,SVP,S - Sale+OE,56.48,18100,5161,-78%,1022270,2.0,0.0,16.0,18.0
142,D,2005-10-21 19:25:22,2005-10-21,AAPL,Serlet Bertrand,SVP,S - Sale+OE,56.61,1900,5161,-27%,107553,2.0,0.0,16.0,18.0
143,D,2005-10-25 17:04:50,2005-10-24,AAPL,Anderson Fred D,Dir,S - Sale+OE,56.35,20000,5344,-79%,1126928,2.0,3.0,18.0,21.0
144,DM,2005-10-26 18:04:04,2005-10-24,AAPL,Serlet Bertrand,SVP,S - Sale+OE,56.35,40000,5161,-89%,2253800,-3.0,1.0,18.0,22.0
145,D,2005-10-28 16:51:32,2005-10-26,AAPL,Serlet Bertrand,SVP,S - Sale+OE,56.29,20000,5161,-79%,1125800,6.0,13.0,27.0,27.0
146,D,2005-11-03 21:09:52,2005-11-01,AAPL,Tevanian Avadis,SVP,S - Sale+OE,57.29,235000,2504,-99%,13463650,-1.0,-3.0,18.0,17.0
147,D,2005-11-03 21:10:08,2005-11-01,AAPL,Tevanian Avadis,SVP,S - Sale+OE,57.52,65000,2504,-96%,3738800,-1.0,-3.0,18.0,17.0
148,D,2005-11-07 21:14:05,2005-11-03,AAPL,Heinen Nancy R,SVP,S - Sale+OE,306.7,75000,2630,-97%,23002731,-1.0,2.0,23.0,18.0
149,D,2005-11-23 16:29:57,2005-11-22,AAPL,Johnson Ronald B,SVP,S - Sale+OE,65.75,200000,12597,-94%,13150440,3.0,1.0,10.0,-4.0
150,D,2005-12-05 16:54:19,2005-12-01,AAPL,Tevanian Avadis,SVP,S - Sale+OE,69.59,300000,2504,-99%,20878076,3.0,3.0,4.0,-17.0
151,D,2006-01-05 17:24:41,2006-01-03,AAPL,Tevanian Avadis,SVP,S - Sale+OE,73.29,300000,2504,-99%,21986054,3.0,13.0,-3.0,-25.0
152,D,2006-01-05 17:35:25,2006-01-03,AAPL,Oppenheimer Peter,SVP,S - Sale+OE,72.66,200000,14143,-93%,14532850,3.0,13.0,-3.0,-25.0
153,D,2006-01-05 17:49:44,2006-01-04,AAPL,Oppenheimer Peter,SVP,S - Sale+OE,75.45,38900,14143,-73%,2934898,3.0,13.0,-3.0,-25.0
154,D,2006-01-05 17:54:56,2006-01-04,AAPL,Oppenheimer Peter,SVP,S - Sale+OE,74.79,25700,14143,-65%,1922083,3.0,13.0,-3.0,-25.0
155,D,2006-01-05 17:57:38,2006-01-04,AAPL,Oppenheimer Peter,SVP,S - Sale+OE,75.04,47690,14143,-77%,3578427,3.0,13.0,-3.0,-25.0
156,D,2006-01-05 18:02:38,2006-01-04,AAPL,Oppenheimer Peter,SVP,S - Sale+OE,75.23,70210,14143,-83%,5281549,3.0,13.0,-3.0,-25.0
157,D,2006-01-06 17:04:37,2006-01-04,AAPL,Serlet Bertrand,SVP,S - Sale+OE,75.48,20000,5200,-79%,1509600,0.0,11.0,-12.0,-28.0
158,DM,2006-01-10 17:10:23,2006-01-06,AAPL,Serlet Bertrand,SVP,S - Sale+OE,76.14,40000,5200,-88%,3045400,4.0,5.0,-16.0,-33.0
159,DM,2006-01-12 17:03:06,2006-01-10,AAPL,Serlet Bertrand,SVP,S - Sale+OE,80.05,40000,5200,-88%,3202000,2.0,-6.0,-20.0,-38.0
160,D,2006-02-01 18:15:38,2006-01-30,AAPL,Schiller Philip W,SVP,S - Sale+OE,71.34,13100,256,-98%,934498,-4.0,-10.0,-8.0,-11.0
161,D,2006-02-01 18:17:51,2006-01-30,AAPL,Schiller Philip W,SVP,S - Sale+OE,71.83,11900,256,-98%,854761,-4.0,-10.0,-8.0,-11.0
162,D,2006-02-01 18:19:02,2006-01-30,AAPL,Schiller Philip W,SVP,S - Sale+OE,71.96,18800,256,-99%,1352903,-4.0,-10.0,-8.0,-11.0
163,D,2006-02-01 18:19:59,2006-01-30,AAPL,Schiller Philip W,SVP,S - Sale+OE,72.22,6200,256,-96%,447777,-4.0,-10.0,-8.0,-11.0
164,D,2006-02-01 18:22:04,2006-01-31,AAPL,Schiller Philip W,SVP,S - Sale+OE,74.13,17100,256,-99%,1267550,-4.0,-10.0,-8.0,-11.0
165,D,2006-02-01 18:22:34,2006-01-31,AAPL,Schiller Philip W,SVP,S - Sale+OE,74.45,12500,256,-98%,930673,-4.0,-10.0,-8.0,-11.0
166,D,2006-02-01 18:24:58,2006-01-31,AAPL,Schiller Philip W,SVP,S - Sale+OE,74.93,20400,256,-99%,1528637,-4.0,-10.0,-8.0,-11.0
167,D,2006-02-03 17:56:21,2006-02-01,AAPL,Tevanian Avadis,SVP,S - Sale+OE,75.49,300000,2504,-99%,22645565,-6.0,-10.0,-9.0,-3.0
168,D,2006-02-16 17:52:28,2006-02-14,AAPL,Oppenheimer Peter,SVP,S - Sale+OE,65.11,12500,14143,-47%,813875,0.0,2.0,-9.0,-4.0
169,D,2006-03-01 17:34:14,2006-02-27,AAPL,Heinen Nancy R,SVP,S - Sale+OE,71.08,33155,2630,-93%,2356658,1.0,-4.0,-10.0,-3.0
170,D,2006-03-01 17:34:32,2006-02-27,AAPL,Heinen Nancy R,SVP,S - Sale+OE,71.25,16845,2630,-86%,1200183,1.0,-4.0,-10.0,-3.0
171,D,2006-03-03 17:28:31,2006-03-01,AAPL,Tevanian Avadis,SVP,S - Sale+OE,69.01,300000,2504,-99%,20704200,-3.0,-5.0,-7.0,-1.0
172,D,2006-03-28 18:17:25,2006-03-24,AAPL,Cook Timothy D,COO,S - Sale+OE,59.3,62000,12597,-83%,3676320,6.0,7.0,16.0,29.0
173,D,2006-03-28 18:17:52,2006-03-24,AAPL,Cook Timothy D,COO,S - Sale+OE,59.74,64000,12597,-84%,3823364,6.0,7.0,16.0,29.0
174,D,2006-03-28 18:18:19,2006-03-24,AAPL,Cook Timothy D,COO,S - Sale+OE,59.96,74000,12597,-85%,4437060,6.0,7.0,16.0,29.0
175,D,2006-03-28 18:18:35,2006-03-24,AAPL,Cook Timothy D,COO,S - Sale+OE,60.23,70000,12597,-85%,4216416,6.0,7.0,16.0,29.0
176,D,2006-03-28 18:19:01,2006-03-24,AAPL,Cook Timothy D,COO,S - Sale+OE,60.72,30000,12597,-70%,1821643,6.0,7.0,16.0,29.0
177,,2006-04-03 17:27:06,2006-03-30,AAPL,Serlet Bertrand,SVP,S - Sale,62.77,25000,115825,-18%,1569240,-2.0,11.0,14.0,23.0
178,D,2006-04-05 17:49:18,2006-04-03,AAPL,Tevanian Avadis,SVP,S - Sale+OE,63.31,300000,111004,-73%,18994090,7.0,1.0,7.0,11.0
179,D,2006-04-05 17:50:18,2006-04-03,AAPL,Schiller Philip W,SVP,S - Sale+OE,63.14,50000,135881,-27%,3156958,7.0,1.0,7.0,11.0
180,D,2006-04-05 17:51:26,2006-04-04,AAPL,Schiller Philip W,SVP,S - Sale+OE,61.85,50000,98381,-34%,3092511,7.0,1.0,7.0,11.0
181,DM,2006-04-07 17:37:28,2006-04-05,AAPL,Serlet Bertrand,SVP,S - Sale+OE,68.45,65000,90825,-42%,4449200,-2.0,-5.0,3.0,7.0
182,DM,2006-04-11 16:45:49,2006-04-07,AAPL,Serlet Bertrand,SVP,S - Sale+OE,70.58,40000,90825,-31%,2823000,-2.0,-3.0,4.0,10.0
183,D,2006-04-11 16:46:22,2006-04-07,AAPL,Tevanian Avadis,SVP,S - Sale+OE,69.73,200000,111004,-64%,13945557,-2.0,-3.0,4.0,10.0
184,D,2006-04-13 17:16:14,2006-04-11,AAPL,Serlet Bertrand,SVP,S - Sale+OE,69.03,20000,90825,-18%,1380600,-2.0,2.0,2.0,10.0
185,,2006-05-02 17:59:14,2006-04-28,AAPL,Rubinstein Jonathan,SVP,S - Sale,70.91,112293,28140,-80%,7962324,-1.0,0.0,-17.0,13.0
186,D,2006-05-03 17:48:08,2006-05-01,AAPL,Fadell Anthony,SVP,S - Sale+OE,71.23,28500,1089,-96%,2030022,0.0,0.0,-13.0,13.0
187,D,2006-05-03 17:49:13,2006-05-01,AAPL,Fadell Anthony,SVP,S - Sale+OE,71.33,16937,1089,-94%,1208055,0.0,0.0,-13.0,13.0
188,M,2006-05-03 21:01:40,2006-05-01,AAPL,Heinen Nancy R,SVP,S - Sale,70.58,108500,2630,-98%,7658075,0.0,0.0,-13.0,13.0
189,D,2006-05-08 18:08:51,2006-05-04,AAPL,Johnson Ronald B,SVP,S - Sale+OE,72.01,140693,149890,-48%,10131801,-1.0,-6.0,-17.0,10.0
190,D,2006-05-08 18:09:08,2006-05-04,AAPL,Johnson Ronald B,SVP,S - Sale+OE,72.26,9307,149890,-6%,672531,-1.0,-6.0,-17.0,10.0
191,M,2006-07-06 17:58:40,2006-07-03,AAPL,Schiller Philip W,SVP,S - Sale,57.22,98125,256,-100%,5614938,-1.0,-5.0,24.0,52.0
192,DM,2006-07-24 17:50:21,2006-07-20,AAPL,Serlet Bertrand,SVP,S - Sale+OE,60.55,40000,50825,-44%,2421800,1.0,7.0,8.0,40.0
193,ADM,2006-07-26 18:30:34,2006-07-20,AAPL,Serlet Bertrand,SVP,S - Sale+OE,60.55,40000,91261,-30%,2421800,-1.0,5.0,6.0,36.0
194,DM,2006-07-26 18:31:00,2006-07-24,AAPL,Serlet Bertrand,SVP,S - Sale+OE,61.51,40000,91261,-30%,2460200,-1.0,5.0,6.0,36.0
195,D,2006-07-28 17:05:46,2006-07-26,AAPL,Serlet Bertrand,SVP,S - Sale+OE,62.04,20000,91261,-18%,1240800,4.0,6.0,5.0,32.0
196,,2006-08-02 11:24:42,2006-07-31,AAPL,Serlet Bertrand,SVP,S - Sale,66.83,25000,66261,-27%,1670750,1.0,-4.0,0.0,26.0
197,DM,2006-09-01 20:21:37,2006-06-07,AAPL,Fadell Anthony,SVP,P - Purchase,60.26,300,4821,+7%,18077,5.0,6.0,10.0,29.0
198,D,2006-09-01 20:21:37,2006-06-28,AAPL,Fadell Anthony,SVP,S - Sale+OE,55.9,25,4821,-1%,1398,5.0,6.0,10.0,29.0
199,,2006-09-07 18:12:06,2006-09-05,AAPL,Schmidt Eric E,Dir,P - Purchase,69.79,10000,12284,+438%,697930,0.0,2.0,3.0,22.0
200,D,2007-01-04 13:35:10,2006-12-29,AAPL,Serlet Bertrand,SVP,S - Sale+OE,83.83,45000,40261,-53%,3772459,2.0,16.0,1.0,58.0
201,DM,2007-01-11 20:25:59,2007-01-09,AAPL,Serlet Bertrand,SVP,S - Sale+OE,93.2,65000,15261,-81%,6058043,-1.0,-7.0,-13.0,39.0
202,DM,2007-01-16 12:54:15,2007-01-11,AAPL,Serlet Bertrand,SVP,S - Sale+OE,94.96,40000,15261,-72%,3798353,3.0,-8.0,-10.0,46.0
203,D,2007-01-18 13:01:37,2007-01-16,AAPL,Serlet Bertrand,SVP,S - Sale+OE,95.73,20000,15261,-57%,1914600,-6.0,-9.0,-10.0,45.0
204,D,2007-02-05 13:42:41,2007-02-01,AAPL,Johnson Ronald B,SVP,S - Sale+OE,86.12,470000,149890,-76%,40475841,-1.0,-2.0,4.0,56.0
205,D,2007-02-06 13:07:44,2007-02-02,AAPL,Johnson Ronald B,SVP,S - Sale+OE,84.43,130000,149890,-46%,10975410,0.0,1.0,5.0,61.0
206,D,2007-02-08 16:53:44,2007-02-06,AAPL,Fadell Anthony,SVP,S - Sale+OE,83.12,85957,3726,-96%,7144340,-3.0,-1.0,2.0,56.0
207,D,2007-02-08 16:54:05,2007-02-06,AAPL,Fadell Anthony,SVP,S - Sale+OE,82.98,108639,4673,-96%,9014996,-3.0,-1.0,2.0,56.0
208,D,2007-02-08 16:55:01,2007-02-06,AAPL,Fadell Anthony,SVP,S - Sale+OE,83.06,7779,1222,-86%,646114,-3.0,-1.0,2.0,56.0
209,,2007-04-30 19:28:18,2007-04-26,AAPL,Serlet Bertrand,SVP,S - Sale,101.58,10625,4636,-70%,1079288,0.0,1.0,15.0,83.0
210,D,2007-05-02 20:07:56,2007-04-30,AAPL,Fadell Anthony,SVP,S - Sale+OE,100.05,10000,2235,-82%,1000500,0.0,5.0,21.0,85.0
211,,2007-08-01 17:38:41,2007-07-30,AAPL,Oppenheimer Peter,CFO,S - Sale,144.28,135625,14143,-91%,19567975,1.0,0.0,-1.0,-2.0
212,D,2007-08-01 17:39:48,2007-07-30,AAPL,Campbell William V,Dir,S - Sale+OE,145.28,21421,253015,-8%,3111970,1.0,0.0,-1.0,-2.0
213,D,2007-08-01 17:40:27,2007-07-30,AAPL,Campbell William V,Dir,S - Sale+OE,144.94,29029,253015,-10%,4207580,1.0,0.0,-1.0,-2.0
214,D,2007-08-01 17:42:26,2007-07-30,AAPL,Campbell William V,Dir,S - Sale+OE,144.62,26601,253015,-10%,3847098,1.0,0.0,-1.0,-2.0
215,D,2007-08-01 17:43:49,2007-07-30,AAPL,Campbell William V,Dir,S - Sale+OE,144.36,21149,253015,-8%,3052966,1.0,0.0,-1.0,-2.0
216,D,2007-08-01 17:44:20,2007-07-30,AAPL,Campbell William V,Dir,S - Sale+OE,143.94,20800,253015,-8%,2993928,1.0,0.0,-1.0,-2.0
217,D,2007-08-01 17:45:43,2007-07-30,AAPL,Campbell William V,Dir,S - Sale+OE,143.73,1000,255015,0%,143730,1.0,0.0,-1.0,-2.0
218,D,2007-08-17 17:44:37,2007-08-15,AAPL,Fadell Anthony,SVP,S - Sale+OE,122.79,12000,2739,-81%,1473500,0.0,8.0,14.0,2.0
219,D,2007-09-18 21:17:19,2007-09-14,AAPL,Fadell Anthony,SVP,S - Sale+OE,136.56,13200,5452,-71%,1802648,0.0,5.0,21.0,-6.0
220,M,2007-10-26 06:12:43,2006-02-28,AAPL,Campbell William V,Dir,P - Purchase,76.49,9100,2900,-147%,696071,1.0,3.0,-6.0,-6.0
221,M,2007-10-26 06:12:43,2006-04-17,AAPL,Campbell William V,Dir,S - Sale,92.1,6200,2900,-68%,571038,1.0,3.0,-6.0,-6.0
222,D,2007-10-30 21:37:54,2007-10-26,AAPL,Johnson Ronald B,SVP,S - Sale+OE,185.01,700000,150620,-82%,129505098,2.0,0.0,-4.0,-7.0
223,,2007-12-03 20:04:59,2007-11-29,AAPL,Drexler Millard S,Dir,S - Sale,183.69,20000,20000,-50%,3673708,1.0,8.0,9.0,4.0
224,D,2008-02-14 20:50:11,2008-02-12,AAPL,Fadell Anthony,SVP,S - Sale+OE,128.39,25000,13649,-65%,3209826,-2.0,-5.0,-1.0,40.0
225,D,2008-03-26 21:30:11,2008-03-25,AAPL,Ive Jonathan P,SVP,S - Sale+OE,139.21,109216,792,-99%,15204310,-3.0,3.0,13.0,-10.0
226,D,2008-03-26 21:33:29,2008-03-25,AAPL,Oppenheimer Peter,"SVP, CFO",S - Sale+OE,138.55,53155,96359,-36%,7364710,-3.0,3.0,13.0,-10.0
227,,2008-03-26 21:33:51,2008-03-25,AAPL,Oppenheimer Peter,"SVP, CFO",S - Sale,138.98,66134,30225,-69%,9191220,-3.0,3.0,13.0,-10.0
228,,2008-03-26 21:34:22,2008-03-25,AAPL,Oppenheimer Peter,"SVP, CFO",S - Sale,139.68,17052,13173,-56%,2381754,-3.0,3.0,13.0,-10.0
229,D,2008-03-26 21:35:02,2008-03-24,AAPL,Cook Timothy D,COO,S - Sale+OE,134.05,82256,231071,-26%,11026070,-3.0,3.0,13.0,-10.0
230,,2008-03-26 21:35:44,2008-03-24,AAPL,Cook Timothy D,COO,S - Sale,134.39,113144,117927,-49%,15205427,-3.0,3.0,13.0,-10.0
231,,2008-03-26 21:37:32,2008-03-24,AAPL,Cook Timothy D,COO,S - Sale,135.47,13200,104727,-11%,1788240,-3.0,3.0,13.0,-10.0
232,,2008-03-26 21:39:23,2008-03-24,AAPL,Cook Timothy D,COO,S - Sale,137.8,12400,92327,-12%,1708746,-3.0,3.0,13.0,-10.0
233,,2008-03-26 21:40:01,2008-03-24,AAPL,Cook Timothy D,COO,S - Sale,138.89,14900,77427,-16%,2069450,-3.0,3.0,13.0,-10.0
234,,2008-03-26 21:40:56,2008-03-24,AAPL,Cook Timothy D,COO,S - Sale,139.43,22500,54927,-29%,3137078,-3.0,3.0,13.0,-10.0
235,,2008-03-26 21:42:31,2008-03-24,AAPL,Cook Timothy D,COO,S - Sale,139.77,21200,33727,-39%,2963182,-3.0,3.0,13.0,-10.0
236,,2008-03-26 21:43:07,2008-03-24,AAPL,Cook Timothy D,COO,S - Sale,140.14,16400,17327,-49%,2298256,-3.0,3.0,13.0,-10.0
237,,2008-03-26 21:45:09,2008-03-24,AAPL,Cook Timothy D,COO,S - Sale,140.65,4000,13327,-23%,562578,-3.0,3.0,13.0,-10.0
238,D,2008-03-27 21:14:55,2008-03-25,AAPL,Ive Jonathan P,SVP,S - Sale+OE,139.03,7042,0,-100%,979025,2.0,5.0,20.0,-9.0
239,,2008-04-30 20:51:53,2008-04-28,AAPL,Serlet Bertrand,SVP,S - Sale,170.55,10000,129271,-7%,1705449,3.0,7.0,7.0,-47.0
240,,2008-04-30 20:52:38,2008-04-29,AAPL,Schiller Philip W,SVP,S - Sale,172.57,136341,256,-100%,23528275,3.0,7.0,7.0,-47.0
241,D,2008-07-28 20:14:10,2008-07-24,AAPL,Fadell Anthony,SVP,S - Sale+OE,163.54,158237,68136,-70%,25877616,2.0,1.0,11.0,-40.0
242,,2008-07-30 19:36:03,2008-07-28,AAPL,Forstall Scott J,SVP,S - Sale,159.57,20866,138,-99%,3329588,-1.0,0.0,9.0,-42.0
243,D,2008-08-01 18:15:58,2008-07-30,AAPL,Fadell Anthony,SVP,S - Sale+OE,158.0,20000,68136,-23%,3160000,-2.0,4.0,8.0,-42.0
244,D,2008-08-04 19:07:25,2008-07-31,AAPL,Mansfield Robert J,SVP,S - Sale+OE,161.06,22500,1014,-96%,3623850,5.0,10.0,8.0,-39.0
245,D,2008-08-05 19:02:16,2008-08-01,AAPL,Forstall Scott J,SVP,S - Sale+OE,159.33,40000,138,-100%,6373231,2.0,8.0,4.0,-44.0
246,D,2008-08-13 20:21:32,2008-08-11,AAPL,Fadell Anthony,SVP,S - Sale+OE,172.49,71500,68136,-51%,12333035,0.0,-3.0,-15.0,-47.0
247,D,2008-09-02 19:32:23,2008-08-28,AAPL,Drexler Millard S,Dir,S - Sale+OE,175.24,30000,20000,-60%,5257080,0.0,-5.0,-31.0,-46.0
248,D,2008-11-04 18:35:31,2008-10-31,AAPL,Drexler Millard S,Dir,S - Sale+OE,106.89,30000,20000,-60%,3206805,-7.0,-14.0,-14.0,20.0
249,,2009-04-29 17:44:52,2009-04-27,AAPL,Serlet Bertrand,SVP,S - Sale,122.86,10000,151693,-6%,1228600,1.0,6.0,8.0,62.0
250,,2009-05-05 18:29:33,2009-05-04,AAPL,Rafael Betsy,"VP, Controller, PAO",S - Sale,128.7,7198,172,-98%,926383,0.0,-2.0,6.0,42.0
251,,2009-07-21 21:30:12,2009-07-17,AAPL,Serlet Bertrand,SVP,S - Sale,149.17,10000,141781,-7%,1491700,3.0,6.0,8.0,42.0
252,D,2009-07-28 18:10:54,2009-07-24,AAPL,Forstall Scott J,SVP,S - Sale+OE,158.01,131203,0,-100%,20731654,0.0,4.0,6.0,29.0
253,D,2009-07-28 18:11:21,2009-07-24,AAPL,Mansfield Robert J,SVP,S - Sale+OE,158.84,40000,17576,-69%,6353600,0.0,4.0,6.0,29.0
254,,2009-07-29 18:02:01,2009-07-27,AAPL,Drexler Millard S,Dir,S - Sale,158.53,40000,40000,-50%,6341200,2.0,3.0,5.0,30.0
255,DM,2009-07-30 18:00:23,2009-07-28,AAPL,Johnson Ronald B,SVP,S - Sale+OE,160.0,250000,232875,-52%,40001039,0.0,1.0,4.0,23.0
256,,2009-08-04 18:03:17,2009-07-31,AAPL,Ive Jonathan P,SVP,S - Sale,163.82,27713,414,-99%,4539847,0.0,-1.0,0.0,18.0
257,D,2009-09-04 18:31:41,2008-01-28,AAPL,Campbell William V,Dir,S - Sale+OE,131.57,2900,0,-100%,381553,2.0,1.0,9.0,29.0
258,,2009-10-08 17:46:52,2009-10-06,AAPL,Serlet Bertrand,SVP,S - Sale,188.42,10000,131781,-7%,1884200,1.0,1.0,3.0,28.0
259,D,2009-10-26 17:30:46,2009-10-22,AAPL,Mansfield Robert J,SVP,S - Sale+OE,204.19,53562,288,-99%,10936825,-3.0,-7.0,2.0,29.0
260,D,2009-10-26 17:31:25,2009-10-22,AAPL,York Jerome B,Dir,S - Sale+OE,203.84,40000,50000,-44%,8153600,-3.0,-7.0,2.0,29.0
261,,2009-10-28 17:35:11,2009-10-26,AAPL,Rafael Betsy,"VP, Controller, PAO",S - Sale,202.8,7065,172,-98%,1432803,2.0,-2.0,6.0,39.0
262,D,2009-12-03 18:29:15,2009-12-01,AAPL,Johnson Ronald B,SVP,S - Sale+OE,201.55,200000,232875,-46%,40308973,-2.0,1.0,9.0,30.0
263,,2010-01-06 17:29:05,2010-01-04,AAPL,Serlet Bertrand,SVP,S - Sale,213.55,10000,120781,-8%,2135500,0.0,-2.0,-9.0,22.0
264,,2010-02-25 19:01:31,2010-02-23,AAPL,Drexler Millard S,Dir,S - Sale,198.43,20000,20000,-50%,3968514,1.0,4.0,12.0,19.0
265,D,2010-03-25 20:04:12,2010-03-25,AAPL,Schiller Philip W,SVP,S - Sale+OE,230.15,80415,256,-100%,18507271,2.0,4.0,19.0,27.0
266,D,2010-03-25 20:04:49,2010-03-25,AAPL,Oppenheimer Peter,"SVP, CFO",S - Sale+OE,230.32,107075,9837,-92%,24661921,2.0,4.0,19.0,27.0
267,D,2010-03-25 20:05:31,2010-03-25,AAPL,Johnson Ronald B,SVP,S - Sale+OE,230.09,107075,232875,-31%,24636630,2.0,4.0,19.0,27.0
268,D,2010-03-25 20:06:31,2010-03-25,AAPL,Cook Timothy D,COO,S - Sale+OE,229.34,159960,13741,-92%,36684513,2.0,4.0,19.0,27.0
269,,2010-04-02 18:19:39,2010-04-01,AAPL,Serlet Bertrand,SVP,S - Sale,237.67,10000,191196,-5%,2376700,0.0,1.0,12.0,19.0
270,D,2010-04-27 17:29:53,2010-04-23,AAPL,Forstall Scott J,SVP,S - Sale+OE,267.33,45112,2712,-94%,12059798,0.0,2.0,-6.0,17.0
271,D,2010-04-27 17:30:57,2010-04-26,AAPL,Papermaster Mark D,SVP,S - Sale+OE,270.14,8000,2542,-76%,2161130,0.0,2.0,-6.0,17.0
272,,2010-04-27 17:31:31,2010-04-23,AAPL,Rafael Betsy,"VP, Controller, PAO",S - Sale,270.88,2136,194,-92%,578594,0.0,2.0,-6.0,17.0
273,,2010-04-28 17:57:42,2010-04-26,AAPL,Serlet Bertrand,SVP,S - Sale,271.98,15000,176196,-8%,4079700,3.0,-1.0,-7.0,18.0
274,D,2010-05-06 17:01:43,2010-05-04,AAPL,Levinson Arthur D,Dir,S - Sale+OE,262.13,45000,240015,-16%,11795670,-4.0,6.0,4.0,25.0
275,D,2010-06-10 17:30:48,2010-06-08,AAPL,Levinson Arthur D,Dir,S - Sale+OE,252.46,30000,240015,-11%,7573641,1.0,7.0,4.0,28.0
276,,2010-08-05 20:06:05,2010-08-05,AAPL,Sewell D Bruce,"SVP, Gen'l Counsel, Secretary",S - Sale,261.55,125,125,-50%,32694,-1.0,-4.0,-4.0,31.0
277,,2010-09-22 18:25:44,2010-09-20,AAPL,Serlet Bertrand,SVP,S - Sale,278.14,10000,166314,-6%,2781400,0.0,0.0,8.0,19.0
278,D,2010-09-23 17:53:41,2010-09-22,AAPL,Sewell D Bruce,"SVP, Gen'l Counsel, Secretary",S - Sale+OE,286.87,13682,0,-100%,3924906,1.0,-1.0,7.0,17.0
279,,2010-09-27 17:48:13,2010-09-23,AAPL,Serlet Bertrand,SVP,S - Sale,291.39,10000,156314,-6%,2913900,-1.0,-3.0,6.0,21.0
280,,2010-10-08 06:11:03,2010-10-06,AAPL,Serlet Bertrand,SVP,S - Sale,289.61,10000,146314,-6%,2896100,2.0,5.0,10.0,17.0
281,M,2010-10-19 17:54:36,2010-10-15,AAPL,Serlet Bertrand,SVP,S - Sale,311.13,15000,131314,-10%,4666900,0.0,0.0,-3.0,7.0
282,,2010-10-25 20:15:33,2010-10-21,AAPL,Rafael Betsy,"VP, Corporate Controller",S - Sale,313.18,7135,312,-96%,2234536,0.0,-3.0,1.0,14.0
283,D,2010-10-25 20:16:02,2010-10-21,AAPL,Mansfield Robert J,SVP,S - Sale+OE,308.0,40000,40831,-49%,12320000,0.0,-3.0,1.0,14.0
284,D,2010-10-29 19:04:22,2010-10-28,AAPL,Johnson Ronald B,SVP,S - Sale+OE,306.07,150000,232875,-39%,45910500,1.0,6.0,5.0,16.0
285,,2010-11-04 18:06:05,2010-11-02,AAPL,Levinson Arthur D,Dir,S - Sale,307.0,15000,225015,-6%,4605000,0.0,0.0,0.0,9.0
286,,2010-12-02 18:01:17,2010-11-30,AAPL,Drexler Millard S,Dir,S - Sale,313.16,8000,12000,-40%,2505280,0.0,1.0,1.0,9.0
287,,2011-01-12 19:21:26,2011-01-10,AAPL,Serlet Bertrand,SVP,S - Sale,339.21,10000,121314,-8%,3392100,0.0,-2.0,3.0,4.0
288,D,2011-02-03 20:29:14,2011-02-01,AAPL,Williams Jeffrey E,SVP,S - Sale+OE,344.45,24500,101866,-19%,8439036,1.0,4.0,5.0,14.0
289,D,2011-02-09 18:32:12,2011-02-07,AAPL,Williams Jeffrey E,SVP,S - Sale+OE,350.0,8000,32183,-20%,2800000,-1.0,0.0,-3.0,4.0
290,,2011-02-10 19:09:52,2011-02-08,AAPL,Serlet Bertrand,SVP,S - Sale,355.37,10000,111309,-8%,3553700,1.0,2.0,-1.0,3.0
291,DM,2011-03-03 19:14:48,2011-03-01,AAPL,Williams Jeffrey E,SVP,S - Sale+OE,350.87,30096,4587,-87%,10559639,0.0,-2.0,-3.0,9.0
292,D,2011-03-14 20:01:11,2011-03-11,AAPL,Cook Timothy D,COO,S - Sale+OE,346.26,20283,13754,-60%,7023136,-2.0,-7.0,-6.0,7.0
293,D,2011-04-04 20:02:46,2011-04-01,AAPL,Williams Jeffrey E,SVP,S - Sale+OE,349.43,2500,4587,-35%,873564,-1.0,-2.0,2.0,12.0
294,D,2011-04-19 17:54:12,2011-04-18,AAPL,Williams Jeffrey E,SVP,S - Sale+OE,323.8,3998,4587,-47%,1294545,1.0,4.0,1.0,25.0
295,,2011-04-26 19:39:39,2011-04-25,AAPL,Mansfield Robert J,SVP,S - Sale,351.89,38863,501,-99%,13675505,0.0,-1.0,-5.0,12.0
296,,2011-04-26 19:40:40,2011-04-25,AAPL,Rafael Betsy,"VP, Corporate Controller",S - Sale,351.92,2956,0,-100%,1040285,0.0,-1.0,-5.0,12.0
297,,2011-04-28 20:21:37,2011-04-28,AAPL,Sewell D Bruce,"SVP, Gen'l Counsel, Secretary",S - Sale,346.91,92,0,-100%,31916,1.0,1.0,-3.0,15.0
298,D,2011-05-04 19:34:23,2011-05-02,AAPL,Williams Jeffrey E,SVP,S - Sale+OE,348.03,6874,213,-97%,2392375,-1.0,0.0,-1.0,16.0
299,,2011-05-04 19:34:47,2011-05-03,AAPL,Levinson Arthur D,Dir,S - Sale,347.91,15000,210728,-7%,5218644,-1.0,0.0,-1.0,16.0
300,D,2011-06-02 20:59:07,2011-06-01,AAPL,Williams Jeffrey E,SVP,S - Sale+OE,349.08,2500,213,-92%,872694,-1.0,-4.0,-3.0,8.0
301,D,2011-07-05 19:53:49,2011-07-01,AAPL,Williams Jeffrey E,SVP,S - Sale+OE,339.34,2000,213,-90%,678685,1.0,1.0,12.0,16.0
302,D,2011-07-07 19:16:50,2011-07-06,AAPL,Williams Jeffrey E,SVP,S - Sale+OE,350.0,500,213,-70%,175000,1.0,0.0,6.0,16.0
303,D,2011-07-20 18:30:32,2011-07-19,AAPL,Williams Jeffrey E,SVP,S - Sale+OE,377.92,3000,213,-93%,1133760,0.0,4.0,-2.0,11.0
304,DM,2011-07-27 19:02:33,2011-07-25,AAPL,Williams Jeffrey E,SVP,S - Sale+OE,400.0,3000,213,-93%,1200000,0.0,-1.0,-4.0,13.0
305,D,2011-07-27 19:03:01,2011-07-25,AAPL,Campbell William V,Dir,S - Sale+OE,389.96,10000,990,-91%,3899577,0.0,-1.0,-4.0,13.0
306,D,2011-08-02 19:04:11,2011-08-01,AAPL,Williams Jeffrey E,SVP,S - Sale+OE,394.79,3000,213,-93%,1184355,1.0,-9.0,0.0,17.0
307,D,2011-09-02 18:46:49,2011-09-01,AAPL,Williams Jeffrey E,SVP,S - Sale+OE,383.8,3000,213,-93%,1151413,2.0,1.0,0.0,42.0
308,D,2011-09-19 19:17:52,2011-09-16,AAPL,Williams Jeffrey E,SVP,S - Sale+OE,400.0,1000,213,-82%,400000,0.0,-2.0,2.0,47.0
309,D,2011-09-23 18:50:43,2011-09-22,AAPL,Sewell D Bruce,"SVP, Gen'l Counsel, Secretary",S - Sale+OE,403.77,13572,70,-99%,5479949,0.0,-3.0,-3.0,48.0
310,D,2011-10-04 18:52:21,2011-10-03,AAPL,Williams Jeffrey E,SVP,S - Sale+OE,377.73,3000,213,-93%,1133198,2.0,4.0,6.0,69.0
311,D,2011-10-12 19:01:00,2011-10-11,AAPL,Williams Jeffrey E,SVP,S - Sale+OE,400.0,500,213,-70%,200000,2.0,5.0,-2.0,55.0
312,D,2011-10-18 19:01:49,2011-10-17,AAPL,Williams Jeffrey E,SVP,S - Sale+OE,420.69,3998,213,-95%,1681902,-6.0,-4.0,-8.0,44.0
313,D,2011-10-20 19:00:39,2011-10-19,AAPL,Williams Jeffrey E,SVP,S - Sale+OE,403.14,5332,213,-96%,2149557,-1.0,1.0,-4.0,45.0
314,,2011-10-24 19:02:01,2011-10-21,AAPL,Rafael Betsy,"VP, Corporate Controller",S - Sale,397.89,7595,52,-99%,3021959,-2.0,0.0,-9.0,39.0
315,DM,2011-11-03 19:01:04,2011-11-01,AAPL,Williams Jeffrey E,SVP,S - Sale+OE,397.33,3500,213,-94%,1390654,-1.0,-2.0,-3.0,41.0
316,,2011-11-03 19:01:27,2011-11-01,AAPL,Levinson Arthur D,Dir,S - Sale,396.97,15000,195728,-7%,5954523,-1.0,-2.0,-3.0,41.0
317,D,2011-11-22 18:03:34,2011-11-21,AAPL,Jung Andrea,Dir,S - Sale+OE,367.0,10000,77,-99%,3670000,-3.0,-1.0,5.0,53.0
318,,2011-11-30 19:08:57,2011-11-29,AAPL,Iger Robert A,Dir,P - Purchase,374.9,2670,2745,>999%,1000973,2.0,2.0,6.0,52.0
319,D,2011-12-02 18:57:55,2011-12-01,AAPL,Williams Jeffrey E,SVP,S - Sale+OE,385.72,3000,213,-93%,1157170,1.0,0.0,6.0,45.0
320,D,2011-12-27 18:44:18,2011-12-23,AAPL,Williams Jeffrey E,SVP,S - Sale+OE,400.0,500,213,-70%,200000,-1.0,1.0,9.0,41.0
321,D,2012-01-04 18:58:38,2012-01-03,AAPL,Williams Jeffrey E,SVP,S - Sale+OE,410.72,1500,213,-88%,616084,1.0,2.0,10.0,45.0
322,D,2012-01-31 19:03:02,2012-01-30,AAPL,Mansfield Robert J,SVP,S - Sale+OE,452.28,30000,501,-98%,13568529,0.0,2.0,19.0,31.0
323,,2012-02-14 18:57:08,2012-02-13,AAPL,Levinson Arthur D,Dir,S - Sale,499.61,10000,186312,-5%,4996137,-2.0,1.0,16.0,25.0
324,D,2012-03-12 19:01:28,2012-03-12,AAPL,Cook Timothy D,CEO,S - Sale+OE,550.16,20178,13817,-59%,11101164,3.0,6.0,14.0,24.0
325,D,2012-03-27 20:47:52,2012-03-26,AAPL,Schiller Philip W,SVP,S - Sale+OE,602.66,64151,386,-99%,38661269,1.0,1.0,-1.0,13.0
326,D,2012-03-27 20:49:35,2012-03-26,AAPL,Oppenheimer Peter,"SVP, CFO",S - Sale+OE,598.76,80147,4793,-94%,47988623,1.0,1.0,-1.0,13.0
327,D,2012-03-27 20:54:52,2012-03-26,AAPL,Cook Timothy D,CEO,S - Sale+OE,600.79,106640,13817,-89%,64067916,1.0,1.0,-1.0,13.0
328,D,2012-04-17 21:22:36,2012-04-16,AAPL,Williams Jeffrey E,SVP,S - Sale+OE,589.6,4073,276,-94%,2401433,0.0,-7.0,-10.0,4.0
329,D,2012-04-30 19:01:22,2012-04-27,AAPL,Drexler Millard S,Dir,S - Sale+OE,603.52,40000,584,-99%,24140684,0.0,-3.0,-2.0,5.0
330,,2012-04-30 19:01:59,2012-04-27,AAPL,Forstall Scott J,SVP,S - Sale,603.78,64151,2988,-96%,38732748,0.0,-3.0,-2.0,5.0
331,,2012-05-09 19:00:57,2012-05-08,AAPL,Levinson Arthur D,Dir,S - Sale,564.66,7500,178812,-4%,4234960,0.0,-3.0,0.0,-1.0
332,,2012-05-10 18:59:50,2012-05-09,AAPL,Rafael Betsy,"VP, Corporate Controller",S - Sale,572.19,2954,114,-96%,1690243,-1.0,-4.0,2.0,-5.0
333,D,2012-07-31 18:40:29,2012-07-30,AAPL,Campbell William V,Dir,S - Sale+OE,590.39,10000,1574,-86%,5903927,-1.0,2.0,11.0,-25.0
334,,2012-08-09 18:34:58,2012-08-08,AAPL,Levinson Arthur D,Dir,S - Sale,619.17,7500,171312,-4%,4643748,0.0,2.0,10.0,-22.0
335,D,2012-09-04 21:51:15,2012-08-31,AAPL,Drexler Millard S,Dir,S - Sale+OE,663.75,25000,584,-98%,16593750,-1.0,-2.0,-2.0,-36.0
336,D,2012-09-25 18:31:47,2012-09-24,AAPL,Sewell D Bruce,"SVP, Gen'l Counsel, Secretary",S - Sale+OE,688.39,3381,10275,-25%,2327441,-1.0,-2.0,-9.0,-33.0
337,D,2012-10-17 18:38:30,2012-10-16,AAPL,Williams Jeffrey E,SVP,S - Sale+OE,642.66,4014,276,-94%,2579633,-2.0,-5.0,-18.0,-37.0
338,,2012-11-02 18:33:48,2012-11-01,AAPL,Sewell D Bruce,"SVP, Gen'l Counsel, Secretary",S - Sale,600.0,5137,5138,-50%,3082200,1.0,-6.0,2.0,-19.0
339,,2012-11-09 18:35:58,2012-11-08,AAPL,Levinson Arthur D,Dir,S - Sale,560.65,7500,163812,-4%,4204875,-1.0,-4.0,-3.0,-16.0
340,,2012-11-09 18:39:35,2012-11-08,AAPL,Sewell D Bruce,"SVP, Gen'l Counsel, Secretary",S - Sale,549.17,5138,0,-100%,2821631,-1.0,-4.0,-3.0,-16.0
341,M,2012-11-16 18:33:58,2012-11-15,AAPL,Riccio Daniel J.,SVP,S - Sale,529.69,20226,0,-100%,10713452,7.0,8.0,-2.0,-15.0
342,,2012-11-20 18:35:55,2012-11-19,AAPL,Iger Robert A,Dir,P - Purchase,563.35,1780,4667,+62%,1002770,0.0,4.0,-6.0,-20.0
343,,2012-11-29 18:30:21,2012-11-28,AAPL,Mansfield Robert L,SVP,S - Sale,582.21,35000,29548,-54%,20377508,-1.0,-9.0,-14.0,-23.0
344,,2012-12-04 18:30:24,2012-11-30,AAPL,Cue Eduardo H,SVP,S - Sale,583.99,15000,285,-98%,8759871,-6.0,-8.0,-6.0,-21.0
345,D,2013-04-17 18:50:30,2013-04-16,AAPL,Williams Jeffrey E,SVP,S - Sale+OE,424.7,2174,317,-87%,923287,-3.0,1.0,7.0,23.0
346,,2013-06-26 18:39:47,2013-06-24,AAPL,Williams Jeffrey E,SVP,S - Sale,401.76,36819,317,-99%,14792265,-1.0,5.0,10.0,44.0
347,,2013-06-26 18:40:17,2013-06-24,AAPL,Sewell D Bruce,"SVP, Gen'l Counsel, Secretary",S - Sale,402.05,37172,10,-100%,14944831,-1.0,5.0,10.0,44.0
348,,2013-07-26 06:01:39,2013-07-24,AAPL,Oppenheimer Peter,"SVP, CFO",S - Sale,440.31,37172,4834,-88%,16367203,1.0,4.0,15.0,26.0
349,D,2013-07-31 18:32:47,2013-07-29,AAPL,Drexler Millard S,Dir,S - Sale+OE,449.11,32562,971,-97%,14624057,1.0,3.0,9.0,12.0
350,D,2013-07-31 18:33:30,2013-07-29,AAPL,Campbell William V,Dir,S - Sale+OE,440.77,10000,1961,-84%,4407670,1.0,3.0,9.0,12.0
351,M,2013-08-16 18:48:45,2013-08-14,AAPL,Riccio Daniel J.,SVP,S - Sale,500.09,4305,0,-100%,2152906,1.0,0.0,-10.0,10.0
352,,2013-08-16 18:50:23,2013-08-14,AAPL,Schiller Philip W,SVP,S - Sale,500.0,37172,386,-99%,18586000,1.0,0.0,-10.0,10.0
353,D,2013-08-27 18:34:37,2013-08-26,AAPL,Cue Eduardo H,SVP,S - Sale+OE,504.18,24580,1891,-93%,12392700,0.0,0.0,-1.0,7.0
354,D,2013-09-24 18:42:50,2013-09-23,AAPL,Sewell D Bruce,"SVP, Gen'l Counsel, Secretary",S - Sale+OE,489.18,12314,10,-100%,6023698,-2.0,-3.0,6.0,13.0
355,D,2013-10-17 18:33:04,2013-10-16,AAPL,Williams Jeffrey E,SVP,S - Sale+OE,501.09,1843,317,-85%,923516,1.0,4.0,5.0,5.0
356,,2013-11-01 18:40:24,2013-10-31,AAPL,Riccio Daniel J.,SVP,S - Sale,524.86,1997,1996,-50%,1048148,1.0,-1.0,7.0,17.0
357,,2013-11-06 18:35:30,2013-11-05,AAPL,Maestri Luca,"VP, Corporate Controller",S - Sale,525.65,2490,0,-100%,1308875,-2.0,0.0,9.0,14.0
358,,2013-11-22 18:29:41,2013-11-20,AAPL,Riccio Daniel J.,SVP,S - Sale,517.39,1996,0,-100%,1032704,1.0,7.0,10.0,22.0
359,,2014-01-03 18:36:12,2013-12-31,AAPL,Riccio Daniel J.,SVP,S - Sale,554.2,3066,9192,-25%,1699177,1.0,-1.0,-7.0,23.0
360,,2014-01-27 21:46:16,2014-01-23,AAPL,Riccio Daniel J.,SVP,S - Sale,550.28,3064,6128,-33%,1686059,-8.0,-9.0,-5.0,26.0
361,,2014-02-27 18:30:29,2014-02-25,AAPL,Riccio Daniel J.,SVP,S - Sale,524.9,3064,3064,-50%,1608284,0.0,1.0,2.0,36.0
362,M,2014-03-11 18:31:19,2014-03-07,AAPL,Maestri Luca,"VP, Corporate Controller",S - Sale,531.73,2584,0,-100%,1373978,0.0,-2.0,-2.0,30.0
363,,2014-03-31 18:31:20,2014-03-27,AAPL,Riccio Daniel J.,SVP,S - Sale,537.66,3064,0,-100%,1647395,1.0,-1.0,10.0,33.0
364,,2014-04-24 18:34:41,2014-04-22,AAPL,Riccio Daniel J.,SVP,S - Sale,530.05,616,1839,-25%,326513,1.0,4.0,8.0,30.0
365,,2014-04-28 18:32:01,2014-04-24,AAPL,Maestri Luca,"VP, Corporate Controller",S - Sale,566.38,867,0,-100%,491047,0.0,0.0,6.0,26.0
366,,2014-05-30 18:31:09,2014-05-28,AAPL,Riccio Daniel J.,SVP,S - Sale,626.41,613,1226,-33%,383989,-1.0,2.0,2.0,31.0
367,D,2014-06-03 18:31:07,2014-05-30,AAPL,Levinson Arthur D,Dir,S - Sale+OE,643.06,10000,164698,-6%,6430632,1.0,3.0,3.0,32.0
368,,2014-06-26 18:31:12,2014-06-24,AAPL,Riccio Daniel J.,SVP,S - Sale,91.26,4291,4291,-50%,391608,1.0,3.0,7.0,25.0
369,,2014-07-25 18:30:36,2014-07-23,AAPL,Riccio Daniel J.,SVP,S - Sale,97.32,4291,0,-100%,417583,1.0,-2.0,4.0,17.0
370,D,2014-08-12 18:46:44,2014-08-08,AAPL,Levinson Arthur D,Dir,S - Sale+OE,94.49,70000,1152886,-6%,6613979,1.0,3.0,5.0,28.0
371,D,2014-09-08 19:59:59,2014-09-05,AAPL,Maestri Luca,"SVP, CFO",S - Sale+OE,99.15,4100,12274,-25%,406515,0.0,3.0,1.0,30.0
372,M,2014-09-11 18:35:34,2014-09-09,AAPL,Maestri Luca,"SVP, CFO",S - Sale,99.79,12274,0,-100%,1224772,0.0,0.0,0.0,24.0
373,D,2014-09-23 18:32:58,2014-09-22,AAPL,Schiller Philip W,SVP,S - Sale+OE,101.07,348846,2701,-99%,35256000,-1.0,-3.0,0.0,25.0
374,D,2014-09-23 18:33:24,2014-09-22,AAPL,Williams Jeffrey E,SVP,S - Sale+OE,101.0,348846,2608,-99%,35233446,-1.0,-3.0,0.0,25.0
375,D,2014-09-23 18:34:20,2014-09-22,AAPL,Sewell D Bruce,"SVP, Gen'l Counsel, Secretary",S - Sale+OE,101.46,348846,459,-100%,35393915,-1.0,-3.0,0.0,25.0
376,D,2014-09-23 18:34:46,2014-09-22,AAPL,Cook Timothy D,CEO,S - Sale+OE,101.17,348425,950767,-27%,35250297,-1.0,-3.0,0.0,25.0
377,,2014-10-23 18:31:52,2014-10-21,AAPL,Maestri Luca,"SVP, CFO",S - Sale,102.11,6116,0,-100%,624524,0.0,2.0,12.0,26.0
378,,2014-10-31 18:31:22,2014-10-30,AAPL,Cue Eduardo H,SVP,S - Sale,106.79,261935,22229,-92%,27970743,1.0,1.0,7.0,20.0
379,,2014-11-07 18:31:58,2014-11-05,AAPL,Riccio Daniel J.,SVP,S - Sale,108.81,3806,11412,-25%,414131,0.0,4.0,3.0,17.0
380,,2014-11-21 18:30:40,2014-11-20,AAPL,Riccio Daniel J.,SVP,S - Sale,116.43,3804,7608,-33%,442888,2.0,2.0,-3.0,12.0
381,M,2014-11-25 18:29:35,2014-11-21,AAPL,Federighi Craig,SVP,S - Sale,116.81,81543,237049,-26%,9524806,1.0,-3.0,-5.0,13.0
382,,2015-01-02 18:30:06,2014-12-30,AAPL,Riccio Daniel J.,SVP,S - Sale,112.86,3804,3804,-50%,429329,-3.0,2.0,8.0,16.0
383,,2015-01-27 18:30:31,2015-01-23,AAPL,Riccio Daniel J.,SVP,S - Sale,112.76,3804,0,-100%,428955,6.0,8.0,18.0,13.0
384,D,2015-02-20 18:31:14,2015-02-18,AAPL,Jung Andrea,Dir,S - Sale+OE,128.13,40000,14595,-73%,5125200,3.0,1.0,-3.0,-10.0
385,D,2015-03-06 19:38:01,2015-03-06,AAPL,Maestri Luca,"SVP, CFO",S - Sale+OE,128.8,3400,14124,-19%,437920,0.0,-2.0,1.0,-11.0
386,,2015-03-11 18:35:59,2015-03-09,AAPL,Maestri Luca,"SVP, CFO",S - Sale,128.97,2800,11324,-20%,361116,2.0,4.0,3.0,-7.0
387,,2015-03-20 18:31:29,2015-03-18,AAPL,Maestri Luca,"SVP, CFO",S - Sale,128.82,10823,501,-96%,1394219,1.0,-1.0,1.0,-9.0
388,D,2015-04-03 18:31:05,2015-04-02,AAPL,Ahrendts Angela J,SVP,S - Sale+OE,124.8,25000,99728,-20%,3119874,-1.0,0.0,1.0,-13.0
389,M,2015-04-08 18:30:37,2015-04-06,AAPL,Ahrendts Angela J,SVP,S - Sale,126.88,44197,55531,-44%,5607762,1.0,1.0,0.0,-11.0
390,D,2015-04-17 18:31:05,2015-04-16,AAPL,Maestri Luca,"SVP, CFO",S - Sale+OE,126.84,700,5936,-11%,88788,2.0,4.0,4.0,-11.0
391,M,2015-04-22 18:34:43,2015-04-20,AAPL,Maestri Luca,"SVP, CFO",S - Sale,127.71,5936,0,-100%,758080,1.0,2.0,2.0,-13.0
392,,2015-05-04 18:31:18,2015-04-30,AAPL,Riccio Daniel J.,SVP,S - Sale,125.84,24090,72255,-25%,3031463,-2.0,0.0,1.0,-6.0
393,DM,2015-05-05 19:31:40,2015-05-04,AAPL,Ahrendts Angela J,SVP,S - Sale+OE,128.52,37897,95042,-29%,4870494,-1.0,1.0,4.0,-4.0
394,,2015-05-29 18:54:18,2015-05-27,AAPL,Riccio Daniel J.,SVP,S - Sale,131.71,24085,48170,-33%,3172206,0.0,-1.0,-3.0,-8.0
395,D,2015-06-01 18:30:45,2015-05-28,AAPL,Levinson Arthur D,Dir,S - Sale+OE,131.47,70000,1147283,-6%,9202900,0.0,-1.0,-5.0,-9.0
396,,2015-06-26 18:33:51,2015-06-24,AAPL,Riccio Daniel J.,SVP,S - Sale,128.81,24085,24085,-50%,3102373,-2.0,0.0,-3.0,-13.0
397,DM,2015-07-21 20:33:11,2015-07-20,AAPL,Ahrendts Angela J,SVP,S - Sale+OE,131.62,44789,95042,-32%,5895168,-4.0,-6.0,-10.0,-25.0
398,,2015-07-28 18:30:31,2015-07-24,AAPL,Riccio Daniel J.,SVP,S - Sale,124.78,24085,0,-100%,3005258,0.0,-4.0,-16.0,-18.0
399,M,2015-07-28 18:31:06,2015-07-24,AAPL,Wagner Susan,Dir,P - Purchase,123.49,3800,5246,+263%,469274,0.0,-4.0,-16.0,-18.0
400,D,2015-09-09 20:01:15,2015-09-08,AAPL,Maestri Luca,"SVP, CFO",S - Sale+OE,111.48,16618,210,-99%,1852588,2.0,5.0,1.0,-7.0
401,D,2015-10-05 18:36:31,2015-10-02,AAPL,Williams Jeffrey E,SVP,S - Sale+OE,110.49,46873,2868,-94%,5178804,0.0,1.0,9.0,0.0
402,D,2015-10-07 21:46:12,2015-10-06,AAPL,Maestri Luca,"SVP, CFO",S - Sale+OE,110.14,7782,210,-97%,857094,-1.0,1.0,10.0,-1.0
403,D,2015-10-19 18:31:23,2015-10-16,AAPL,Maestri Luca,"SVP, CFO",S - Sale+OE,111.88,3300,3118,-51%,369204,2.0,7.0,3.0,-3.0
404,,2015-10-22 18:46:45,2015-10-20,AAPL,Maestri Luca,"SVP, CFO",S - Sale,111.88,2908,210,-93%,325347,3.0,3.0,3.0,-8.0
405,M,2015-11-03 18:47:00,2015-10-30,AAPL,Cook Timothy D,CEO,S - Sale,120.48,90593,1079598,-8%,10914625,0.0,-1.0,-5.0,-23.0
406,,2015-11-03 18:47:43,2015-10-30,AAPL,Cue Eduardo H,SVP,S - Sale,120.11,200000,46177,-81%,24022820,0.0,-1.0,-5.0,-23.0
407,,2015-11-03 18:48:31,2015-11-02,AAPL,Riccio Daniel J.,SVP,S - Sale,120.81,13588,40755,-25%,1641626,0.0,-1.0,-5.0,-23.0
408,M,2015-11-06 18:31:01,2015-11-04,AAPL,Cook Timothy D,CEO,S - Sale,122.08,30000,1049598,-3%,3662400,0.0,-4.0,-2.0,-22.0
409,,2015-11-10 18:30:58,2015-11-09,AAPL,Cook Timothy D,CEO,S - Sale,120.81,10000,1039598,-1%,1208100,-1.0,-2.0,-1.0,-19.0
410,D,2016-02-03 18:34:43,2016-02-02,AAPL,Levinson Arthur D,Dir,S - Sale+OE,95.47,2008,1147283,0%,191704,1.0,-1.0,6.0,10.0
411,,2016-03-17 18:30:28,2016-03-15,AAPL,Maestri Luca,"SVP, CFO",S - Sale,103.92,18241,421,-98%,1895605,0.0,0.0,4.0,7.0
412,D,2016-03-23 18:31:48,2016-03-22,AAPL,Williams Jeffrey E,COO,S - Sale+OE,106.91,268644,3079,-99%,28720730,0.0,3.0,0.0,8.0
413,,2016-04-01 18:33:33,2016-03-30,AAPL,Schiller Philip W,SVP,S - Sale,110.01,268644,49575,-84%,29553526,1.0,-1.0,-15.0,5.0
414,D,2016-04-05 18:32:37,2016-04-04,AAPL,Schiller Philip W,SVP,S - Sale+OE,111.68,26284,49575,-35%,2935397,1.0,-1.0,-13.0,4.0
415,D,2016-04-05 18:33:38,2016-04-04,AAPL,Williams Jeffrey E,COO,S - Sale+OE,111.43,26284,3079,-90%,2928826,1.0,-1.0,-13.0,4.0
416,,2016-05-25 18:32:30,2016-05-23,AAPL,Sewell D Bruce,"SVP, Gen'l Counsel, Secretary",S - Sale,96.78,103300,239432,-30%,9997374,1.0,-1.0,-4.0,14.0
417,M,2016-05-31 18:32:42,2016-05-26,AAPL,Ahrendts Angela J,SVP,S - Sale,100.0,50000,122971,-29%,5000000,-1.0,-1.0,-6.0,13.0
418,,2016-05-31 18:33:48,2016-05-26,AAPL,Srouji Johny,SVP,S - Sale,99.75,8000,116460,-6%,798000,-1.0,-1.0,-6.0,13.0
419,,2016-06-01 18:30:49,2016-05-27,AAPL,Cue Eduardo H,SVP,S - Sale,99.44,50000,24000,-68%,4972000,-1.0,1.0,-4.0,14.0
420,,2016-06-01 18:32:17,2016-05-27,AAPL,Riccio Daniel J.,SVP,S - Sale,100.0,40755,27612,-60%,4075500,-1.0,1.0,-4.0,14.0
421,,2016-06-02 18:30:41,2016-05-31,AAPL,Ahrendts Angela J,SVP,S - Sale,100.0,25000,97971,-20%,2500000,0.0,1.0,-2.0,15.0
422,M,2016-07-20 18:32:04,2016-07-18,AAPL,Ahrendts Angela J,SVP,S - Sale,100.0,35797,95042,-27%,3579700,-1.0,-3.0,10.0,21.0
423,,2016-08-05 18:32:27,2016-08-02,AAPL,Kondo Chris,Principal Accounting Officer,S - Sale,104.87,9829,6347,-61%,1030767,1.0,0.0,0.0,21.0
424,,2016-08-09 18:31:10,2016-08-05,AAPL,Sewell D Bruce,"SVP, Gen'l Counsel, Secretary",S - Sale,107.49,23305,216024,-10%,2505054,-1.0,1.0,0.0,22.0
425,D,2016-08-11 18:31:38,2016-08-09,AAPL,Levinson Arthur D,Dir,S - Sale+OE,108.68,70000,1147283,-6%,7607600,0.0,1.0,-4.0,24.0
426,M,2016-08-16 18:31:35,2016-08-12,AAPL,Srouji Johny,SVP,S - Sale,108.44,9827,106633,-8%,1065643,0.0,-1.0,2.0,25.0
427,,2016-08-18 18:31:30,2016-08-17,AAPL,Maestri Luca,"SVP, CFO",S - Sale,108.93,11021,422,-96%,1200518,0.0,-1.0,5.0,25.0
428,,2016-08-18 18:32:51,2016-08-17,AAPL,Federighi Craig,SVP,S - Sale,109.15,90153,377186,-19%,9840200,0.0,-1.0,5.0,25.0
429,,2016-08-18 18:33:46,2016-08-16,AAPL,Sewell D Bruce,"SVP, Gen'l Counsel, Secretary",S - Sale,110.11,24000,192024,-11%,2642640,0.0,-1.0,5.0,25.0
430,DM,2016-08-26 16:53:09,2016-08-25,AAPL,Cook Timothy D,CEO,S - Sale+OE,107.23,334000,1309692,-20%,35815854,0.0,0.0,6.0,29.0
431,,2016-08-31 18:30:38,2016-08-30,AAPL,Riccio Daniel J.,SVP,S - Sale,105.95,49996,67143,-43%,5297076,1.0,2.0,6.0,32.0
432,M,2016-08-31 18:31:42,2016-08-29,AAPL,Cook Timothy D,CEO,S - Sale,106.36,269883,1039809,-21%,28703591,1.0,2.0,6.0,32.0
433,,2016-09-23 18:35:58,2016-09-21,AAPL,Riccio Daniel J.,SVP,S - Sale,113.06,22381,44762,-33%,2530308,0.0,0.0,3.0,26.0
434,D,2016-10-04 18:36:04,2016-10-03,AAPL,Williams Jeffrey E,COO,S - Sale+OE,112.59,43769,3079,-93%,4927952,0.0,3.0,-1.0,29.0
435,,2016-10-31 18:30:39,2016-10-27,AAPL,Riccio Daniel J.,SVP,S - Sale,114.96,33324,55207,-38%,3830807,-2.0,-4.0,-1.0,31.0
436,,2016-10-31 18:31:18,2016-10-27,AAPL,Schiller Philip W,SVP,S - Sale,115.07,43769,49575,-47%,5036499,-2.0,-4.0,-1.0,31.0
437,,2016-11-04 18:31:11,2016-11-03,AAPL,Riccio Daniel J.,SVP,S - Sale,110.35,33323,21884,-60%,3677115,1.0,-1.0,0.0,41.0
438,,2016-11-04 18:31:54,2016-11-02,AAPL,Cue Eduardo H,SVP,S - Sale,111.86,335000,1464,-100%,37473100,1.0,-1.0,0.0,41.0
439,,2016-11-09 18:31:15,2016-11-07,AAPL,Maestri Luca,"SVP, CFO",S - Sale,110.03,16950,12055,-58%,1865009,-3.0,-3.0,1.0,40.0
440,M,2016-11-22 18:30:29,2016-11-18,AAPL,Srouji Johny,SVP,S - Sale,110.54,8090,119830,-6%,894301,-1.0,0.0,5.0,
441,,2016-12-13 18:30:45,2016-12-09,AAPL,Maestri Luca,"SVP, CFO",S - Sale,113.98,5323,6732,-44%,606738,0.0,1.0,4.0,
442,,2016-12-19 18:30:57,2016-12-15,AAPL,Riccio Daniel J.,SVP,S - Sale,116.07,10942,10942,-50%,1270016,0.0,0.0,3.0,
443,M,2016-12-29 18:30:07,2016-12-27,AAPL,Maestri Luca,"SVP, CFO",S - Sale,117.68,2300,4432,-34%,270652,-1.0,0.0,4.0,
444,,2017-01-10 18:30:32,2017-01-06,AAPL,Maestri Luca,"SVP, CFO",S - Sale,117.88,4010,422,-90%,472699,1.0,1.0,11.0,
445,,2017-01-19 18:31:39,2017-01-18,AAPL,Riccio Daniel J.,SVP,S - Sale,119.99,10942,0,-100%,1312931,0.0,2.0,13.0,
446,M,2017-01-19 18:33:14,2017-01-17,AAPL,Cook Timothy D,CEO,S - Sale,120.0,30000,1009809,-3%,3600000,0.0,2.0,13.0,
447,M,2017-01-24 18:30:37,2017-01-20,AAPL,Cook Timothy D,CEO,S - Sale,120.14,30000,979809,-3%,3604100,2.0,1.0,15.0,
448,M,2017-01-27 18:30:55,2017-01-25,AAPL,Cook Timothy D,CEO,S - Sale,121.37,30000,949809,-3%,3641200,0.0,5.0,13.0,
449,M,2017-02-01 18:31:20,2017-01-30,AAPL,Cook Timothy D,CEO,S - Sale,124.4,40000,910045,-4%,4976100,0.0,2.0,9.0,
450,,2017-02-03 18:32:16,2017-02-02,AAPL,Cook Timothy D,CEO,S - Sale,127.99,8571,901474,-1%,1097002,1.0,3.0,8.0,
451,D,2017-02-03 18:33:03,2017-02-02,AAPL,Gore Albert Jr,Dir,S - Sale+OE,128.35,70000,445574,-14%,8984160,1.0,3.0,8.0,
452,D,2017-02-03 18:34:18,2017-02-02,AAPL,Jung Andrea,Dir,S - Sale+OE,128.05,100000,19183,-84%,12805000,1.0,3.0,8.0,
453,,2017-02-03 18:35:18,2017-02-02,AAPL,Kondo Chris,Principal Accounting Officer,S - Sale,128.05,2649,6962,-28%,339204,1.0,3.0,8.0,
454,D,2017-02-03 18:35:56,2017-02-02,AAPL,Levinson Arthur D,Dir,S - Sale+OE,127.99,2580,1147283,0%,330214,1.0,3.0,8.0,
455,,2017-02-03 18:36:31,2017-02-02,AAPL,Sewell D Bruce,"SVP, Gen'l Counsel, Secretary",S - Sale,128.43,75000,161029,-32%,9632250,1.0,3.0,8.0,
456,M,2017-02-07 18:30:44,2017-02-03,AAPL,Srouji Johny,SVP,S - Sale,129.83,16538,103528,-14%,2147160,0.0,2.0,6.0,
457,,2017-02-17 18:30:23,2017-02-16,AAPL,Federighi Craig,SVP,S - Sale,135.3,70627,439855,-14%,9555833,1.0,1.0,4.0,
458,M,2017-02-22 18:32:17,2017-02-17,AAPL,Srouji Johny,SVP,S - Sale,136.37,13207,90321,-13%,1801094,0.0,0.0,3.0,
459,,2017-02-24 18:30:39,2017-02-22,AAPL,Gore Albert Jr,Dir,S - Sale,136.72,215437,230137,-48%,29454547,0.0,2.0,3.0,
460,,2017-03-17 18:32:17,2017-03-15,AAPL,Maestri Luca,"SVP, CFO",S - Sale,140.18,17897,657,-96%,2508801,1.0,1.0,1.0,
461,D,2017-04-04 18:34:33,2017-04-04,AAPL,Schiller Philip W,SVP,S - Sale+OE,143.32,47796,49575,-49%,6850123,-1.0,-1.0,2.0,
462,,2017-04-07 18:30:03,2017-04-05,AAPL,Maestri Luca,"SVP, CFO",S - Sale,145.05,20307,657,-97%,2945516,0.0,-2.0,7.0,
463,,2017-04-07 18:31:06,2017-04-06,AAPL,Riccio Daniel J.,SVP,S - Sale,143.98,11949,35847,-25%,1720417,0.0,-2.0,7.0,
464,M,2017-04-21 18:30:43,2017-04-19,AAPL,Maestri Luca,"SVP, CFO",S - Sale,141.83,6308,657,-91%,894636,1.0,1.0,,
465,M,2017-05-08 18:33:26,2017-05-04,AAPL,Ahrendts Angela J,SVP,S - Sale,147.98,75000,103116,-42%,11098732,1.0,3.0,,
466,,2017-05-08 18:34:28,2017-05-05,AAPL,Sewell D Bruce,"SVP, Gen'l Counsel, Secretary",S - Sale,148.76,67500,141325,-32%,10041300,1.0,3.0,,
467,M,2017-05-11 18:30:34,2017-05-09,AAPL,Ahrendts Angela J,SVP,S - Sale,154.24,25377,77739,-25%,3914040,1.0,,,
468,D,2017-05-11 18:31:36,2017-05-09,AAPL,Levinson Arthur D,Dir,S - Sale+OE,153.88,35000,1147283,-3%,5385800,1.0,,,
469,,2017-05-18 18:30:31,2017-05-16,AAPL,Riccio Daniel J.,SVP,S - Sale,155.27,11949,23898,-33%,1855370,,,,
470,,2017-05-24 18:30:46,2017-05-22,AAPL,Cue Eduardo H,SVP,S - Sale,153.78,45000,4496,-91%,6920100,,,,
471,,2017-05-24 18:31:58,2017-05-22,AAPL,Srouji Johny,SVP,S - Sale,153.2,10000,98254,-9%,1532000,,,,
472,M,2017-05-25 18:31:54,2017-05-23,AAPL,Federighi Craig,SVP,S - Sale,153.62,64500,423151,-13%,9908205,,,,
473,M,2017-05-30 18:30:50,2017-05-25,AAPL,Srouji Johny,SVP,S - Sale,153.96,10019,88235,-10%,1542530,,,,
474,,2017-06-06 18:30:34,2017-06-02,AAPL,Maestri Luca,"SVP, CFO",S - Sale,154.7,4757,657,-88%,735898,,,,
475,,2017-06-09 18:30:45,2017-06-07,AAPL,Riccio Daniel J.,SVP,S - Sale,155.32,11949,11949,-50%,1855936,,,,
476,,2017-07-10 18:30:23,2017-07-06,AAPL,Riccio Daniel J.,SVP,S - Sale,142.86,11949,0,-100%,1707034,,,,
477,,2017-08-09 18:30:47,2017-08-07,AAPL,Federighi Craig,SVP,S - Sale,158.07,63163,359988,-15%,9984175,,,,
478,D,2017-08-09 18:31:33,2017-08-07,AAPL,Levinson Arthur D,Dir,S - Sale+OE,157.58,35000,1147283,-3%,5515300,,,,
479,,2017-08-09 18:32:24,2017-08-07,AAPL,Sewell D Bruce,"SVP, Gen'l Counsel, Secretary",S - Sale,158.13,31625,109700,-22%,5000957,,,,
480,D,2017-08-17 18:30:57,2017-08-16,AAPL,Kondo Chris,Principal Accounting Officer,S - Sale+OE,161.96,6209,5472,-53%,1005610,,,,
481,,2017-08-18 18:30:35,2017-08-16,AAPL,Srouji Johny,SVP,S - Sale,162.2,10469,77766,-12%,1698072,,,,
482,DM,2017-08-28 20:00:34,2017-08-25,AAPL,Cook Timothy D,CEO,S - Sale+OE,160.63,268623,901474,-23%,43148931,,,,
483,,2017-08-30 18:30:35,2017-08-28,AAPL,Srouji Johny,SVP,S - Sale,161.0,5892,71874,-8%,948612,,,,
484,M,2017-10-05 18:33:19,2017-10-03,AAPL,Ahrendts Angela J,SVP,S - Sale,154.21,63388,77739,-45%,9775019,,,,
485,,2017-10-05 18:34:12,2017-10-03,AAPL,Schiller Philip W,SVP,S - Sale,154.7,56808,49575,-53%,8788198,,,,
486,,2017-10-10 18:31:25,2017-10-05,AAPL,Riccio Daniel J.,SVP,S - Sale,155.01,15642,46923,-25%,2424666,,,,
487,,2017-11-16 18:31:35,2017-11-14,AAPL,Riccio Daniel J.,SVP,S - Sale,172.36,15641,31282,-33%,2695802,,,,
488,M,2017-11-27 18:30:46,2017-11-22,AAPL,Srouji Johny,SVP,S - Sale,174.68,10368,78468,-12%,1811128,,,,
489,,2017-12-04 18:32:54,2017-11-30,AAPL,Cue Eduardo H,SVP,S - Sale,171.6,65361,1700,-97%,11215918,,,,
490,,2017-12-11 18:31:01,2017-12-07,AAPL,Riccio Daniel J.,SVP,S - Sale,169.69,15641,15641,-50%,2654135,,,,
491,,2018-01-09 18:30:38,2018-01-05,AAPL,Riccio Daniel J.,SVP,S - Sale,174.78,15641,0,-100%,2733800,,,,
492,,2018-04-05 18:31:26,2018-04-03,AAPL,Schiller Philip W,SVP,S - Sale,166.42,69491,49575,-58%,11564679,,,,
493,,2018-04-06 18:30:59,2018-04-04,AAPL,Riccio Daniel J.,SVP,S - Sale,169.12,17375,52116,-25%,2938512,,,,
494,M,2018-04-16 18:31:20,2018-04-12,AAPL,Maestri Luca,"SVP, CFO",S - Sale,174.66,39122,63375,-38%,6832932,,,,
495,M,2018-05-07 18:31:25,2018-05-03,AAPL,Ahrendts Angela J,SVP,S - Sale,176.54,38228,66344,-37%,6748833,,,,
496,,2018-05-10 18:31:35,2018-05-08,AAPL,Williams Jeffrey E,COO,S - Sale,185.18,15653,155042,-9%,2898551,,,,
497,D,2018-05-11 18:32:43,2018-05-09,AAPL,Levinson Arthur D,Dir,S - Sale+OE,185.99,35000,1147283,-3%,6509650,,,,
498,,2018-05-18 18:30:58,2018-05-16,AAPL,Kondo Chris,Principal Accounting Officer,S - Sale,187.0,4867,8433,-37%,910129,,,,
499,,2018-05-21 18:30:50,2018-05-17,AAPL,Riccio Daniel J.,SVP,S - Sale,187.64,17372,34744,-33%,3259604,,,,
500,,2018-05-25 18:31:15,2018-05-23,AAPL,Srouji Johny,SVP,S - Sale,187.74,14976,75298,-17%,2811594,,,,
501,M,2018-06-04 18:31:19,2018-05-31,AAPL,Maestri Luca,"SVP, CFO",S - Sale,189.54,4769,63375,-7%,903928,,,,
502,,2018-06-12 18:30:36,2018-06-08,AAPL,Williams Jeffrey E,COO,S - Sale,190.94,15653,139389,-10%,2988851,,,,
503,D,2018-06-18 18:30:31,2018-06-15,AAPL,Ahrendts Angela J,SVP,S - Sale+OE,188.81,6568,66344,-9%,1240104,,,,
504,,2018-07-11 18:31:20,2018-07-09,AAPL,Williams Jeffrey E,COO,S - Sale,190.18,15652,123737,-11%,2976664,,,,
505,DM,2018-08-06 18:30:34,2018-08-02,AAPL,Levinson Arthur D,Dir,S - Sale+OE,206.74,35000,1147283,-3%,7236000,,,,
506,,2018-08-10 18:31:41,2018-08-08,AAPL,Williams Jeffrey E,COO,S - Sale,206.86,15652,108085,-13%,3237714,,,,
507,,2018-08-10 18:33:27,2018-08-09,AAPL,Federighi Craig,SVP,S - Sale,207.5,47796,419896,-10%,9917670,,,,
508,,2018-08-21 18:59:34,2018-08-17,AAPL,Srouji Johny,SVP,S - Sale,214.98,14140,61158,-19%,3039839,,,,
509,D,2018-08-28 18:31:28,2018-08-27,AAPL,Cook Timothy D,CEO,S - Sale+OE,217.79,265160,878425,-23%,57748442,,,,
510,M,2018-10-05 18:31:16,2018-10-03,AAPL,Ahrendts Angela J,SVP,S - Sale,230.89,64194,66344,-49%,14821664,,,,
511,,2018-10-05 18:32:17,2018-10-04,AAPL,Maestri Luca,"SVP, CFO",S - Sale,228.56,100245,27324,-79%,22912178,,,,
512,,2018-10-05 18:33:19,2018-10-03,AAPL,Williams Jeffrey E,COO,S - Sale,232.33,61998,108085,-36%,14403787,,,,
513,,2018-11-21 18:31:38,2018-11-19,AAPL,Kondo Chris,Principal Accounting Officer,S - Sale,190.0,3408,8940,-28%,647520,,,,
514,D,2019-02-05 18:38:57,2019-02-01,AAPL,Levinson Arthur D,Dir,S - Sale+OE,167.71,1521,1147283,0%,255087,,,,
515,,2019-04-09 18:30:48,2019-04-05,AAPL,Maestri Luca,"SVP, CFO",S - Sale,196.61,51138,27448,-65%,10054242,,,,
516,,2019-05-06 18:30:58,2019-05-02,AAPL,Williams Jeffrey E,COO,S - Sale,210.36,56411,108209,-34%,11866355,,,,
517,D,2019-05-07 18:30:52,2019-05-03,AAPL,Levinson Arthur D,Dir,S - Sale+OE,210.86,35000,1147283,-3%,7380100,,,,
518,,2019-08-05 18:31:27,2019-08-01,AAPL,Kondo Chris,Principal Accounting Officer,S - Sale,217.47,4376,8549,-34%,951635,,,,
519,D,2019-08-05 18:32:34,2019-08-01,AAPL,Levinson Arthur D,Dir,S - Sale+OE,214.02,17500,1147283,-2%,3745350,,,,
520,D,2019-08-14 18:30:39,2019-08-12,AAPL,Levinson Arthur D,Dir,S - Sale+OE,201.69,17500,1147283,-2%,3529575,,,,
521,D,2019-08-27 18:30:31,2019-08-26,AAPL,Cook Timothy D,CEO,S - Sale+OE,206.17,265160,854849,-24%,54667179,,,,
522,D,2019-10-03 18:33:22,2019-10-02,AAPL,Williams Jeffrey E,COO,S - Sale+OE,219.04,67554,122195,-36%,14797004,,,,
523,,2019-10-09 18:32:27,2019-10-07,AAPL,Maestri Luca,"SVP, CFO",S - Sale,228.38,61659,27448,-69%,14081680,,,,
524,D,2019-10-17 18:31:19,2019-10-16,AAPL,Kondo Chris,Principal Accounting Officer,S - Sale+OE,233.26,3932,8212,-32%,917178,,,,
525,D,2019-10-17 18:32:58,2019-10-16,AAPL,O'Brien Deirdre,SVP,S - Sale+OE,234.04,12459,33852,-27%,2915904,,,,
526,D,2019-11-07 18:30:21,2019-11-05,AAPL,Levinson Arthur D,Dir,S - Sale+OE,257.79,37394,1147283,-3%,9639799,,,,
527,D,2020-02-04 18:34:47,2020-02-03,AAPL,Levinson Arthur D,Dir,S - Sale+OE,304.11,1429,1147283,0%,434573,,,,
528,D,2020-04-03 18:31:43,2020-04-02,AAPL,Williams Jeffrey E,COO,S - Sale+OE,241.44,41062,122315,-25%,9914186,,,,
529,,2020-04-09 18:30:47,2020-04-07,AAPL,Maestri Luca,"SVP, CFO",S - Sale,264.44,41062,27568,-60%,10858445,,,,
530,D,2020-04-17 18:31:43,2020-04-16,AAPL,O'Brien Deirdre,SVP,S - Sale+OE,285.12,9137,33972,-21%,2605141,,,,
531,,2020-05-12 18:30:32,2020-05-08,AAPL,Kondo Chris,Principal Accounting Officer,S - Sale,305.62,4491,7370,-38%,1372539,,,,
532,D,2020-08-25 18:45:23,2020-08-25,AAPL,Cook Timothy D,CEO,S - Sale+OE,496.91,265160,837374,-24%,131761779,,,,
533,D,2020-10-05 18:33:56,2020-10-02,AAPL,Williams Jeffrey E,COO,S - Sale+OE,113.59,257343,489260,-34%,29232596,,,,
534,,2020-10-13 18:30:27,2020-10-09,AAPL,Maestri Luca,"SVP, CFO",S - Sale,116.89,243431,110272,-69%,28454650,,,,
535,D,2020-10-19 18:30:33,2020-10-16,AAPL,Kondo Chris,Principal Accounting Officer,S - Sale+OE,121.34,14840,26876,-36%,1800686,,,,
536,D,2020-10-19 18:32:33,2020-10-16,AAPL,O'Brien Deirdre,SVP,S - Sale+OE,119.8,31200,135888,-19%,3737869,,,,
537,,2020-11-05 18:30:55,2020-11-03,AAPL,Adams Katherine L.,"SVP, GC, Secretary",S - Sale,110.42,17000,306396,-5%,1877109,,,,
538,,2021-02-03 18:30:45,2021-02-01,AAPL,Adams Katherine L.,"SVP, GC, Secretary",S - Sale,133.75,17000,316581,-5%,2273749,,,,
539,D,2021-02-03 18:36:19,2021-02-02,AAPL,Levinson Arthur D,Dir,S - Sale+OE,135.6,3416,4588724,0%,463210,,,,
540,D,2021-04-05 18:36:12,2021-04-05,AAPL,Williams Jeffrey E,COO,S - Sale+OE,125.74,133867,489490,-21%,16832437,,,,
541,D,2021-04-19 18:31:41,2021-04-16,AAPL,O'Brien Deirdre,SVP,S - Sale+OE,134.01,18216,136118,-12%,2441126,,,,
542,,2021-05-05 18:30:33,2021-05-03,AAPL,Adams Katherine L.,"SVP, GC, Secretary",S - Sale,132.8,17000,328174,-5%,2257631,,,,
543,,2021-05-05 18:31:41,2021-05-03,AAPL,Maestri Luca,"SVP, CFO",S - Sale,132.81,121072,110501,-52%,16079338,,,,
544,,2021-08-04 18:30:53,2021-08-02,AAPL,Adams Katherine L.,"SVP, GC, Secretary",S - Sale,145.89,17000,307164,-5%,2480048,,,,
545,D,2021-08-09 18:30:51,2021-08-06,AAPL,O'Brien Deirdre,SVP,S - Sale+OE,145.99,14877,136118,-10%,2171893,,,,
546,D,2021-08-26 18:30:46,2021-08-25,AAPL,Cook Timothy D,CEO,S - Sale+OE,148.58,2386440,3279726,-42%,354568479,,,,
547,D,2021-10-05 18:43:32,2021-10-04,AAPL,O'Brien Deirdre,SVP,S - Sale+OE,138.83,89437,136118,-40%,12416539,,,,
548,D,2021-10-05 18:44:42,2021-10-04,AAPL,Williams Jeffrey E,COO,S - Sale+OE,138.83,165829,489490,-25%,23022040,,,,
549,D,2021-10-19 18:31:45,2021-10-18,AAPL,O'Brien Deirdre,SVP,S - Sale+OE,146.35,18247,136118,-12%,2670391,,,,
550,,2021-10-21 18:30:48,2021-10-19,AAPL,Maestri Luca,"SVP, CFO",S - Sale,148.62,165829,110501,-60%,24645506,,,,
551,,2021-11-03 18:31:28,2021-11-01,AAPL,Adams Katherine L.,"SVP, GC, Secretary",S - Sale,148.68,25000,447993,-5%,3716895,,,,
552,,2021-11-16 18:30:25,2021-11-12,AAPL,Kondo Chris,Principal Accounting Officer,S - Sale,150.0,9005,37197,-19%,1350750,,,,
553,D,2022-02-03 18:35:50,2022-02-01,AAPL,Levinson Arthur D,Dir,S - Sale+OE,173.29,1986,4588724,0%,344154,,,,
554,,2022-02-07 18:30:37,2022-02-03,AAPL,Adams Katherine L.,"SVP, GC, Secretary",S - Sale,174.78,25000,419715,-6%,4369548,,,,
555,D,2022-04-05 18:32:41,2022-04-04,AAPL,O'Brien Deirdre,SVP,S - Sale+OE,177.77,29198,136290,-18%,5190427,,,,
556,D,2022-04-05 18:33:35,2022-04-04,AAPL,Williams Jeffrey E,COO,S - Sale+OE,177.76,105901,489662,-18%,18824389,,,,
557,D,2022-04-19 18:31:54,2022-04-18,AAPL,O'Brien Deirdre,SVP,S - Sale+OE,164.91,8000,136290,-6%,1319305,,,,
558,,2022-05-06 18:30:57,2022-05-04,AAPL,Adams Katherine L.,"SVP, GC, Secretary",S - Sale,161.72,25000,452334,-5%,4042888,,,,
559,,2022-08-05 18:30:49,2022-08-03,AAPL,Adams Katherine L.,"SVP, GC, Secretary",S - Sale,164.77,25000,427334,-6%,4119155,,,,
560,,2022-08-19 18:30:27,2022-08-17,AAPL,Maestri Luca,"SVP, CFO",S - Sale,174.96,96735,110673,-47%,16924259,,,,
561,A,2022-08-22 18:43:18,2022-08-17,AAPL,Maestri Luca,"SVP, CFO",S - Sale,174.96,96735,110673,-47%,16924259,,,,
562,D,2022-10-04 22:02:25,2022-10-03,AAPL,Adams Katherine L.,"SVP, GC, Secretary",S - Sale+OE,141.41,181139,427334,-30%,25615117,,,,
563,D,2022-10-04 22:05:07,2022-10-03,AAPL,O'Brien Deirdre,SVP,S - Sale+OE,142.16,176299,136290,-56%,25062882,,,,
564,D,2022-10-18 18:33:15,2022-10-17,AAPL,O'Brien Deirdre,SVP,S - Sale+OE,142.45,8053,136290,-6%,1147150,,,,
565,,2022-11-01 18:30:34,2022-10-28,AAPL,Maestri Luca,"SVP, CFO",S - Sale,155.95,176299,110673,-61%,27493275,,,,
566,,2022-11-23 18:30:27,2022-11-22,AAPL,Kondo Chris,Principal Accounting Officer,S - Sale,148.72,20200,31505,-39%,3004144,,,,
567,,2023-03-24 18:31:12,2023-03-22,AAPL,Williams Jeffrey E,COO,S - Sale,159.76,187730,489816,-28%,29991745,,,,
568,D,2023-04-04 18:31:03,2023-04-03,AAPL,Adams Katherine L.,"SVP, GC, Secretary",S - Sale+OE,165.3,72225,425213,-15%,11938880,,,,
569,D,2023-04-04 18:31:55,2023-04-03,AAPL,Cook Timothy D,CEO,S - Sale+OE,165.17,56072,3280052,-2%,9261353,,,,
570,D,2023-04-04 18:33:48,2023-04-03,AAPL,O'Brien Deirdre,SVP,S - Sale+OE,165.41,43622,136444,-24%,7215444,,,,
571,D,2023-04-04 18:34:40,2023-04-04,AAPL,Williams Jeffrey E,COO,S - Sale+OE,166.11,77817,489816,-14%,12926379,,,,
572,,2023-04-10 18:30:24,2023-04-06,AAPL,Maestri Luca,"SVP, CFO",S - Sale,164.92,200,177657,0%,32984,,,,
573,,2023-04-17 18:31:10,2023-04-13,AAPL,Maestri Luca,"SVP, CFO",S - Sale,165.25,69996,107661,-39%,11566839,,,,
574,,2023-05-10 18:30:22,2023-05-08,AAPL,Kondo Chris,Principal Accounting Officer,S - Sale,173.26,4092,33946,-11%,708980,,,,
575,D,2023-08-08 18:30:28,2023-08-07,AAPL,O'Brien Deirdre,SVP,S - Sale+OE,178.56,15419,136445,-10%,2753217,,,,
576,D,2023-10-03 21:02:35,2023-10-03,AAPL,Adams Katherine L.,"SVP, GC, Secretary",S - Sale+OE,172.09,65536,416714,-14%,11278365,,,,
577,D,2023-10-03 21:04:27,2023-10-03,AAPL,Cook Timothy D,CEO,S - Sale+OE,172.5,240569,3280053,-7%,41498284,,,,
578,D,2023-10-03 21:08:18,2023-10-03,AAPL,O'Brien Deirdre,SVP,S - Sale+OE,172.11,65536,136445,-32%,11279673,,,,
579,M,2023-10-10 18:30:21,2023-10-06,AAPL,Maestri Luca,"SVP, CFO",S - Sale,178.29,63695,107661,-37%,11356182,,,,
580,,2023-10-10 18:31:19,2023-10-06,AAPL,Williams Jeffrey E,COO,S - Sale,177.0,69785,489817,-12%,12351945,,,,
581,,2023-11-14 18:31:09,2023-11-10,AAPL,Kondo Chris,Principal Accounting Officer,S - Sale,184.04,4806,34687,-12%,884496,,,,
582,,2023-11-20 18:31:21,2023-11-17,AAPL,Adams Katherine L.,"SVP, GC, Secretary",S - Sale,188.79,123448,293266,-30%,23305748,,,,
583,,2023-12-01 18:32:18,2023-11-29,AAPL,Kondo Chris,Principal Accounting Officer,S - Sale,192.0,5513,29174,-16%,1058496,,,,
584,D,2024-03-01 18:34:41,2024-02-29,AAPL,Levinson Arthur D,Dir,S - Sale+OE,180.94,100000,4490576,-2%,18094000,,,,
585,D,2024-04-03 18:30:48,2024-04-02,AAPL,Adams Katherine L.,"SVP, GC, Secretary",S - Sale+OE,168.9,54732,293393,-16%,9244235,,,,
586,DM,2024-04-03 18:31:43,2024-04-01,AAPL,Cook Timothy D,CEO,S - Sale+OE,169.33,196410,3280180,-6%,33258614,,,,
587,D,2024-04-03 18:33:14,2024-04-02,AAPL,O'Brien Deirdre,SVP,S - Sale+OE,168.91,54732,136572,-29%,9244782,,,,
588,,2024-04-15 18:30:24,2024-04-11,AAPL,Maestri Luca,"SVP, CFO",S - Sale,174.12,53194,107788,-33%,9261933,,,,
589,,2024-04-15 18:31:11,2024-04-11,AAPL,Williams Jeffrey E,COO,S - Sale,172.22,59162,489944,-11%,10188880,,,,
590,,2024-05-17 18:30:33,2024-05-15,AAPL,Kondo Chris,Principal Accounting Officer,S - Sale,190.4,4999,29278,-15%,951785,,,,
591,,2024-06-03 18:31:26,2024-05-30,AAPL,Levinson Arthur D,Dir,S - Sale,191.58,75000,4415576,-2%,14368500,,,,
592,,2024-08-07 18:30:15,2024-08-05,AAPL,Adams Katherine L.,"SVP, GC, Secretary",S - Sale,206.44,100000,187043,-35%,20643512,,,,
593,,2024-08-13 19:02:12,2024-08-09,AAPL,Kondo Chris,Principal Accounting Officer,S - Sale,216.5,5178,24125,-18%,1121037,,,,
594,,2024-08-19 18:30:16,2024-08-15,AAPL,Kondo Chris,Principal Accounting Officer,S - Sale,225.0,8706,15419,-36%,1958850,,,,
595,D,2024-10-03 18:30:20,2024-10-02,AAPL,O'Brien Deirdre,SVP,S - Sale+OE,226.87,61019,136572,-31%,13843382,,,,
596,D,2024-10-03 18:30:30,2024-10-02,AAPL,Cook Timothy D,CEO,S - Sale+OE,224.46,223986,3280180,-6%,50276355,,,,
597,D,2024-10-03 18:30:40,2024-10-02,AAPL,Adams Katherine L.,"SVP, GC, Secretary",S - Sale+OE,226.2,61019,187043,-25%,13802297,,,,
598,D,2024-10-03 18:31:01,2024-10-02,AAPL,Williams Jeffrey E,COO,S - Sale+OE,226.86,59730,489944,-11%,13550148,,,,
599,,2024-10-08 18:30:13,2024-10-04,AAPL,Maestri Luca,"SVP, CFO",S - Sale,226.52,59305,107788,-35%,13433769,,,,
600,,2024-11-19 18:30:49,2024-11-18,AAPL,Kondo Chris,Principal Accounting Officer,S - Sale,228.87,4130,15419,-21%,945233,,,,
601,M,2024-11-19 18:31:42,2024-11-15,AAPL,Levinson Arthur D,Dir,S - Sale,227.32,200000,4215576,-5%,45464500,,,,
602,,2024-12-18 18:30:20,2024-12-16,AAPL,Williams Jeffrey E,COO,S - Sale,249.97,100000,389944,-20%,24997395,,,,
603,D,2025-02-04 18:33:25,2025-02-03,AAPL,Levinson Arthur D,Dir,S - Sale+OE,226.35,1516,4215576,0%,343147,,,,
